se	oneself
je	is
a	and
že	that
jsem	I am
na	on
co	what
si	oneself
tak	so
ale	but
ne	no
jsi	you are
já	I
mi	to me
mě	me
jak	how
ty	you
jo	yeah
jste	you are
už	already
když	when
jen	only
jsme	we are
jako	as
za	for
ho	him
ti	to you
tady	here
ano	yes
pro	for
dobře	well
není	is not
byl	was
tě	you
něco	something
proč	why
teď	now
tam	there
tohle	this
mám	I have
ten	that
být	be
toho	of that
bude	will be
vás	you
nic	nothing
takže	so
vám	to you
nebo	or
kdo	who
aby	to
byla	was
ji	her
bylo	was
kde	where
ještě	still/yet
po	after
pane	sir/Mr.
protože	because
než	than
můj	my
jeho	his
od	from
myslím	I think
tím	with that
jestli	whether
máš	you have
měl	had/should
vím	I know
nás	us
všechno	everything
možná	maybe
víš	you know
nikdy	never
prosím	please
moc	power
mu	to him
ani	neither
chci	I want
taky	also
nevím	I don't know
až	until
pokud	if
pak	then
ahoj	hi/bye
jí	her/to her
díky	thanks
sem	here
máme	we have
řekl	said
chceš	you want
musím	I must
budu	I will be
před	before
jít	go
opravdu	really
někdo	someone
tomu	to that
asi	probably
všichni	everyone
trochu	a little
mít	have
hej	hey
vážně	seriously
myslíš	you think
dobrý	good
pořád	still/always
který	which
měla	had/should
rád	happy
dělat	do
prostě	simply/just
den	day
udělat	do
můžu	I can
dva	two
mnou	with me
jenom	only
kdy	when
jde	goes
budeš	you will be
tvůj	yours
další	next
ní	her
pojď	come
kvůli	because of
může	can
dost	enough
jeden	one
nikdo	nobody
bože	god
bez	without
ať	whatever
lidi	people
můžeš	you can
dnes	today
život	life
pár	couple
tebou	with you
právě	just/right
dobrá	good
mně	to me
jasně	clear
děláš	you do
sakra	damn
děkuji	thank you
velmi	very
hodně	a lot
budeme	we will be
takhle	like this
hned	right away
musíš	you must
proto	therefore
vůbec	ever
zpátky	back
vědět	know
první	first
místo	place
byli	were
můžeme	we can
práce	work
řekla	said
přesně	exactly
chce	wants
něj	him
kam	where to
let	flight
kdyby	if
čas	time
tři	three
vždycky	always
dlouho	long
podívej	look
věc	thing
domů	home
pryč	gone
mluvit	speak
zase	again
ním	with him
sám	himself
jdeme	we go
někdy	sometimes
stejně	anyway
jednou	once
dál	farther
vlastně	actually
vidět	see
peníze	money
počkej	wait
hele	hey/look
každý	every/everyone
noc	night
dostat	get
lidé	people
fajn	fine
spolu	together
určitě	definitely
poslední	last
řekni	say/tell
večer	evening
dej	give
ráno	morning
dítě	child
problém	problem
budou	will be
říká	says
mají	they have
jistě	surely
mezi	between
fakt	really
děti	children
paní	madam/Mrs.
také	also
nějaký	some
rychle	quickly
podle	by
pravda	truth
svůj	his
kolik	how many
zlato	gold
žádný	none/no
znovu	again
pod	below
snad	maybe
otec	father
úplně	completely
při	at
tenhle	this
samozřejmě	of course
dokud	until
třeba	perhaps/for example
celý	round
najít	find
jméno	name
ven	out
dát	give
jdu	I go
stále	still
zrovna	just now
kurva	damn
potom	then
žena	woman
muž	man
přes	through
dělá	does
zítra	tomorrow
byly	were
člověk	person
proti	against
pomoc	help
nich	them
líto	sorry
dneska	today
ví	knows
jaký	what kind
říkám	I say
muset	have to
auto	car
doma	home
štěstí	happiness
vlastní	own
tolik	so much
tedy	therefore
teda	therefore
vzít	take
pan	Mr.
nechat	leave
pojďme	let's go
příliš	too
zabít	kill
sebou	with oneself
přece	yet
matka	mother
táta	dad
máma	mom
tento	this
chlap	guy
přímo	directly
což	which
přestaň	stop
stát	state
nějak	somehow
počkat	wait
vždy	always
včera	yesterday
koho	whom
nápad	idea
pět	five
pozor	beware
oba	both
skoro	almost
kolem	around
jinak	otherwise
buď	either
takový	such
zpět	back
správně	correct
nad	above
srdce	heart
promluvit	speak
ostatní	other
velký	big
vrátit	return
cokoliv	whatever
dělám	I do
číslo	number
šel	went
odsud	from here
poslouchej	listen
venku	outdoors
docela	quite
dům	house
jistý	certain
pozdě	late
skvělý	great
předtím	before that
vždyť	after all
dveře	doors
brzy	soon
zatím	yet
dovnitř	inwards
svět	world
konec	end
zde	here
nový	new
důvod	reason
špatně	wrong
čtyři	four
zbraň	weapon
žít	live
někde	somewhere
aspoň	at least
dokonce	even
super	super
jasný	clear
dejte	give
zůstat	stay
ach	oh
týden	week
holka	girl
jiný	other
konečně	finally
pocit	feeling
rok	year
dolů	down
hrát	play
víme	we know
něm	him
daleko	far
kluk	boy
mrtvý	dead
tělo	body
věřit	believe
jediný	single
ně	something
chvilku	a moment
způsob	way
přijít	come
chtít	want
přítel	friend
slovo	word
nyní	now
jídlo	food
syn	son
během	during
strach	fear
mnohem	much
policie	police
čau	hi/bye
bůh	god
malý	little
hodiny	hours
plán	plan
říkat	say
jdeš	you go
případ	case
vězení	prison
skvěle	great
pěkně	fine
země	country
mimo	outside
loď	ship
pánové	gentlemen
doktor	doctor
odejít	leave
řekněte	tell
rozhodně	definitely
nahoru	up
rodina	family
potřebovat	need
smysl	sense
copak	do not you
pouze	only
chyba	mistake
krev	blood
madam	madam
smrt	death
telefon	phone
šest	six
pracovat	work
tým	team
poprvé	for the first time
začít	begin
spát	sleep
uvnitř	inside
nakonec	eventually
mnoho	many
pomoci	help
příběh	story
zvláštní	special
naprosto	totally
bratr	brother
deset	ten
šla	went
půl	half
aha	I see
odtud	thence
část	part
město	city
raději	rather
zavolat	call
dole	down
pokoj	room
kromě	except
myslet	think
několik	several
všude	everywhere
jet	go
nevíš	you don't know
zastavit	stop
alespoň	at least
velice	very
bezpečí	safety
navíc	moreover
klid	calm
možnost	possibility
starý	old
tohoto	of this
uvěřit	believe
zjistit	find out
slyšet	hear
proboha	for heaven's sake
čekat	wait
najednou	suddenly
dcera	daughter
špatný	bad
odkud	from where
sestra	sister
tajemství	mystery
zbytek	rest
sex	sex
támhle	over there
překlad	translation
jakmile	once
hrozně	awfully
chodit	walk
manžel	husband
klidně	quietly
hlavní	main
informace	information
však	however
zatímco	while
blízko	close
náhodou	by chance
někam	somewhere
hlavně	mainly
nahoře	above
skutečně	really
držet	hold
výborně	great
druhý	second
tudy	this way
rozhodnutí	decision
vedle	next to
láska	love
prý	allegedly
naživu	alive
zachránit	rescue
panebože	Oh my God
normální	normal
měsíc	month
tentokrát	this time
ohledně	regarding
okamžitě	immediately
blázen	crazy
společnost	company
bejt	Beit
často	often
bojovat	fight
právo	right
zač	You're welcome
šance	chance
pěkný	pretty
občas	occasionally
představit	present
tisíc	thousand
prachy	dough
otázka	question
tehdy	then
strašně	awfully
sbohem	goodbye
cesta	way
spousta	many
ukázat	show
pořádně	properly
moment	moment
pravděpodobně	probably
změnit	change
nemocnice	hospital
společně	together
příště	next
odpověď	answer
dohromady	together
zatraceně	damn
šťastný	happy
přestat	stop
příští	next
cítit	feel
zas	again
sedm	seven
nikam	nowhere
pokračovat	continue
stará	old
získat	gain
hledat	search
perfektní	perfect
dávno	a long time ago
použít	use
naposledy	last
třetí	third
sexy	sexy
koupit	buy
pohyb	motion
již	already
vrah	killer
zkusit	try
komu	to whom
hezký	nice
jíst	eat
důkaz	evidence
sen	dream
obchod	shop
dvakrát	twice
vztah	relationship
vzhůru	up
mimochodem	by the way
hra	game
kousek	piece
pomalu	slowly
šéf	boss
hlas	voice
bohužel	unfortunately
fbi	FBI
film	movie
zřejmě	apparently
osm	eight
stejný	the same
seznam	list
král	king
obvykle	usually
hlad	hunger
pití	drinking
úžasný	amazing
zdraví	health
většina	most
ticho	silence
překvapení	surprise
osobní	personal
dívka	girl
zpráva	report
oblečení	clothing
celkem	total
odpoledne	afternoon
tvář	face
tý	you
chvíle	moment
druh	kind
kapitán	captain
střední	middle
systém	system
slunce	sun
znova	anew
osobně	personally
hm	hm
budoucnost	future
poté	after
názor	opinion
oběť	victim
sledovat	watch
málo	little
přesto	yet
pivo	beer
škoda	Shame
uprostřed	middle
dárek	gift
zda	whether
dnešní	today's
oběd	lunch
moci	be able to
světlo	light
oddělení	department
chlapec	boy
dovolit	allow
dopis	letter
brát	take
vysvětlit	explain
zájem	interest
poslouchat	listen
zadek	buttocks
jdou	they go
bolest	pain
sedět	sit
navždy	forever
divný	strange
rozdíl	difference
kafe	coffee
zemřít	die
okolo	about
krok	move
prdel	ass
klíč	key
přítelkyně	girlfriend
mladý	young
opatrně	carefully
či	whether
chlápek	bloke
projít	go through
příležitost	opportunity
člověče	man
upřímně	sincerely
opět	again
pes	dog
poslat	send
show	show
téměř	almost
voda	water
noční	night
zničit	destroy
vypadat	look
zařízení	equipment
manželství	marriage
ovšem	of course
duše	soul
zcela	completely
nebezpečí	danger
kdysi	once
slečna	miss
radost	pleasure
minulý	last
vyšetřování	investigation
vina	guilt
agent	agent
hezky	nicely
mozek	brain
doopravdy	really
byt	apartment
domov	home
typ	type
rozkaz	command
spojení	link
přístup	access
dna	gout
znamenat	mean
těžko	hardly
očividně	Apparently
pozornost	attention
situace	situation
tušení	inkling
trvat	last
vtip	joke
honem	come on
plný	full
rovnou	straight
otevřít	open
cíl	goal
pokaždé	always
řídit	drive
pohled	view
nazdar	hello
válka	war
hlava	head
nervózní	nervous
osoba	person
milý	dear
výběr	selection
milovat	love
drahý	expensive
aniž	without
kamarád	friend
vánoce	Christmas
dík	thanks
setkání	meeting
říci	say
kéž	I wish
zbavit	get rid of
boží	divine
vyhrát	win
zábava	entertainment
málem	nearly
úkol	task
povolení	authorization
signál	signal
těžký	difficult
mobil	cell phone
policejní	police
připravený	ready
připravit	prepare
naučit	learn
jenže	but
akorát	just
rána	wound
umění	art
stůl	table
tamhle	over there
čaj	tea
vzadu	back
většinou	mostly
ha	ha
začátek	beginning
detektiv	detective
totiž	namely
devět	nine
oheň	fire
krásný	beautiful
pán	gentleman
vzkaz	message
kus	piece
osud	fate
šílený	crazy
sice	Although
sranda	hoot
ženská	woman
dávat	give
sotva	barely
útok	attack
chránit	protect
fungovat	work
pochopit	understand
děvče	girl
opustit	leave
potřeba	need
ublížit	hurt
kdokoliv	anyone
sehnat	get
test	test
udržet	keep
viď	vide
energie	energy
místní	local
bezpečnostní	security
letadlo	aircraft
narozeniny	birthday
umřít	die
skutečný	real
víkend	weekend
zaplatit	pay
teprve	only
silný	strong
večeře	dinner
obličej	face
vzhledem	due to
chuť	flavor
hodný	worthy
vybrat	choose
poznat	recognize
operace	operation
zákon	law
účet	bill
slib	promise
zápas	match
bavit	amuse
starost	concern
nehoda	accident
stop	stop
kamarádka	friend
dvacet	twenty
chování	behavior
záda	back
každopádně	In any event,
koule	globe
dále	further
skrz	through
síla	power
kdykoliv	anytime
poděkovat	thank
znát	know
doba	time
dokázat	prove
pravý	right
zranění	injury
pomocí	through
zlý	evil
chovat	behave
víno	wine
hádat	guess
škola	school
prezident	president
chytrý	clever
rozhovor	interview
pokus	attempt
nedávno	recently
přemýšlet	think
zapomenout	forget
poblíž	near
například	for example
boj	fight
vyřešit	solve
číst	read
normálně	normally
hodit	throw
nejen	not only
učit	teach
obvinění	accusation
program	program
zima	winter
postavit	stand
domácí	home
prsten	ring
soud	court
tvrdě	harshly
postarat	take care
nůž	knife
přání	wishes
soudce	judge
chytit	catch
včetně	including
naděje	hope
speciální	special
ulice	street
vzduch	air
nebe	sky
důležitý	important
ztratit	lose
skončit	end
čest	honor
záznam	record
tlak	pressure
pít	drink
video	video
zvuk	sound
kolo	bike
lhát	lie
okamžik	moment
kruci	darn
duch	spirit
hudba	music
moře	sea
okolí	surroundings
správný	correct
kód	code
vítězství	victory
starat	worry
hrdina	hero
kancelář	office
jinde	elsewhere
znamení	sign
zvíře	animal
jazyk	language
dlouhý	long
sto	hundred
akce	action
nosit	wear
navzájem	each other
vedení	leadership
zástupce	deputy
maso	meat
neustále	constantly
minulost	past
nos	nose
lež	lie
právník	lawyer
pole	field
požádat	ask
vypadnout	fall out
ujistit	reassure
záležitost	affair
ihned	immediately
nicméně	however
pátek	Friday
večírek	party
zajít	go
napsat	write
vláda	government
dar	gift
hrozný	dreadful
zločin	felony
kalhoty	trousers
kontakt	contact
navštívit	visit
setkat	meet
hlášení	report
psát	write
stav	status
včas	on time
nemocný	sick
skupina	group
omluvit	excuse
výlet	outing
řešení	solution
nikde	nowhere
vražda	murder
životní	life
samý	same
řeč	speech
čí	whose
obraz	picture
prodat	sell
babička	grandmother
krk	neck
střílet	shoot
vlak	train
takto	like this
snadno	easily
hloupý	stupid
ruka	hand
platit	pay
hranice	border
odtamtud	thence
dočkat	wait
století	century
vůdce	leader
dojem	impression
čistý	clean
pustit	let go
cia	CIA
dnešek	today
jednoduše	simply
královna	queen
kámoš	buddy
divně	weird
oko	eye
přiznat	admit
upřímný	honest
don	don
sexuální	sexual
kniha	book
volno	off
armáda	army
hvězda	star
píseň	song
vzdát	give up
vyhodit	blow
dáma	checkers
denně	daily
černý	Black
odjet	leave
dobro	good
přijmout	accept
počítač	computer
zpívat	sing
volat	call
státní	state
záchod	toilet
party	party
bomba	bomb
jindy	another time
frank	franc
nijak	no
přesvědčit	convince
pracovní	working
jestliže	if
využít	use
národní	national
možný	possible
představení	performance
rozhodnout	decide
mysl	mind
postel	bed
jakoby	though
stroj	machine
přidat	add
kámen	stone
mise	mission
zkontrolovat	check
restaurace	restaurant
místnost	room
násilí	violence
náhoda	accident
doslova	literally
prací	wash
volný	free
meč	sword
zmizet	disappear
prostor	space
mezitím	meanwhile
kůže	skin
dopředu	forward
zavřít	close
používat	use
opatrný	cautious
manželka	wife
stačit	suffice
sednout	sit
předstírat	feign
kouzlo	magic
stanice	station
hotel	hotel
zázrak	miracle
dokončit	finish
množství	quantity
noviny	newspaper
vést	lead
pozice	position
trest	punishment
styl	style
ředitel	director
rada	advice
vtipný	witty
naposled	last
oblast	area
volba	option
soutěž	competition
naštěstí	fortunately
vedoucí	leader
pomáhat	help
vědomí	consciousness
tenkrát	then
bydlet	live
soudní	court
zpoždění	delay
sejít	come down
riskovat	risk
vynikající	outstanding
klub	club
vyrazit	set out
nabídnout	offer
soukromí	privacy
chudák	wretch
zdroj	source
historie	history
kolikrát	how many times
mír	peace
zadní	rear
hodinky	watch
soustředit	focus
los	moose
článek	article
ženatý	married
letiště	airport
období	period
nádhera	finery
zároveň	at the same time
jedině	Only
přátelství	friendship
kočka	cat
strávit	digest
děvka	whore
zboží	goods
zle	ill
třikrát	thrice
okno	window
ostrov	island
cizí	foreign
obchodní	business
oblek	suit
přitom	yet
teorie	theory
bar	bar
severní	north
počasí	weather
návrh	proposal
přinést	bring
jižní	southern
hluboko	deep
chybět	be missing
pondělí	Monday
úspěch	success
projekt	project
přežít	survive
usa	USA
unavený	weary
park	park
ježíš	Jesus
nesmysl	nonsense
doktorka	Doctor
království	kingdom
bílý	white
zatracený	damned
jinam	elsewhere
napravit	remedy
vítr	wind
napřed	first
vyzvednout	pick
schopný	able
zařídit	arrange
rychlost	speed
velitel	commander
prostředí	environment
nádherný	gorgeous
cena	price
svatební	wedding
stranou	aside
změna	change
léto	summer
blbec	jerk
nemoc	disease
kuře	chicken
bezpečnost	safety
úsměv	smile
trik	trick
vnitřní	internal
jednání	negotiation
pobřeží	coast
ženský	female
prsa	breast
nejprve	first
vysvětlení	explanation
učitel	teacher
podezřelý	suspect
nahlas	aloud
vytvořit	create
šílenství	madness
dýchat	breathe
zvlášť	especially
opravdový	real
dohoda	agreement
vesnice	village
vzrušující	exciting
pravidlo	rule
pamatovat	remember
zeď	wall
bránit	defend
potěšení	pleasure
tanec	dance
základní	basic
vejce	egg
hnout	move
generál	general
dort	cake
řízení	management
spojit	join
absolutně	absolutely
jelikož	as
maminka	mom
litovat	regret
jednat	deal
talent	talent
porazit	beat
zadarmo	free
příkaz	command
pohřeb	funeral
kuchyně	kitchen
autobus	bus
téma	theme
prohlášení	statement
prodej	sale
výraz	expression
naopak	conversely
legrace	fun
dětství	childhood
východ	East
koláč	pie
peklo	hell
telefonní	phone
televize	TV
vůči	towards
ztráta	loss
obrovský	huge
školní	school
nepřítel	enemy
krevní	blood
přečíst	read
spolupracovat	cooperate
řek	Greek
probrat	talk over
přivést	bring
voják	soldier
žádost	request
paměť	memory
hledání	search
důstojník	officer
území	area
zvládnout	manage
jezdit	ride
svatba	wedding
těsně	close
ovládat	dominate
zodpovědnost	responsibility
podezření	suspicion
půjčit	lend
spravedlnost	righteousness
doprava	transport
dozadu	backwards
teta	aunt
oficiálně	officially
smutný	sad
zabíjet	killing
bývalý	former
děcko	child
van	van
proces	process
závod	race
dostatečně	enough
plus	plus
jed	poison
prase	pig
zlo	evil
lehce	lightly
anglicky	English
vysoký	High
brýle	eyeglasses
opilý	drunk
krásně	beautifully
princ	prince
rozum	reason
zdarma	free
plavat	swim
vesmír	space
míč	ball
vadit	mind
doleva	to the left
profesor	professor
vůle	will
hajzl	cunt
zahrát	play
pacient	patient
ochránit	protect
známý	known
dokola	round
holčička	baby girl
papír	paper
vliv	effect
past	trap
černá	black
ukrást	steal
strom	tree
klient	client
varování	warning
blbý	stupid
klobouk	hat
láhev	bottle
schopnost	ability
zajímavý	interesting
hrdý	proud
svědek	witness
chlapík	guy
fotbal	football
zjevně	evidently
mistr	champion
bod	point
povinnost	duty
odpočinout	relax
zajímat	interest
všechen	every
krása	beauty
kdepak	bloody likely
výpověď	notice
plně	fully
plno	lot
koukat	watch
hlídat	watch
schovat	hide
spíše	rather
svědomí	conscience
vybavení	equipment
sníst	eat
obrázek	picture
plyn	gas
kůň	horse
úroveň	level
součást	component
hovor	call
fotka	photo
poručík	lieutenant
mnohokrát	many times
řešit	deal with
led	ice
utrpení	suffering
dokonalý	perfect
lék	medicine
zodpovědný	accountable
génius	genius
princezna	princess
živý	alive
zabití	manslaughter
zabránit	prevent
most	bridge
zloděj	thief
září	September
vůz	car
provést	perform
majetek	possession
stvoření	creation
verze	version
třicet	thirty
vánoční	Christmas
křičet	shout
prakticky	practically
motor	engine
lístek	ticket
cvičení	exercises
šek	check
pyšný	proud
vydržet	endure
pevně	firm
jednoduchý	simple
řidič	driver
pozvat	invite
oficiální	official
úterý	Tuesday
varovat	warn
paměti	memoirs
federální	federal
děda	Grandpa
nuže	Well
počet	count
původní	original
mléko	milk
prádlo	clothes
rychlý	fast
vskutku	indeed
dech	breath
zdravotní	health
podnik	enterprise
alkohol	alcohol
běžet	run
vysoko	high
tancovat	dance
prima	groovy
význam	importance
vyjít	come out
kamera	camera
ukončit	terminate
noha	leg
sever	north
hlupák	fool
červený	red
podepsat	sign
opravit	fix
výzkum	research
kdekoliv	anywhere
datum	date
nabídka	offer
vyspat	sleep
vymyslet	invent
momentálně	at the moment
pohromadě	together
vystoupení	appearance
horko	hot
prach	dust
myšlenka	thought
odpovědět	answer
potichu	quietly
strýc	uncle
ďábel	devil
letos	this year
finanční	financial
kmen	tribe
partner	partner
zatknout	arrest
oblíbený	favorite
řada	series
čtvrtek	Thursday
riziko	risk
krabice	boxes
brácha	brother
přednost	preference
jednotka	unit
policajt	cop
podíl	share
bolet	hurt
počítat	count
souhlasit	agree
kabát	coat
ples	ball
anděl	angel
dojít	come
šerif	sheriff
technologie	technology
zastřelit	shoot
velení	command
strana	side
čelit	counter
plukovník	colonel
prst	finger
negativní	negative
sýr	cheese
sundat	take down
vařit	cook
seržant	sergeant
ačkoliv	although
hraní	Play
reakce	reaction
sladký	sweet
velikost	size
rádio	radio
padesát	fifty
vypnout	switch off
vzpomenout	remember
silnice	road
návrat	return
prozatím	meanwhile
člen	member
tiše	quietly
scénář	screenplay
několikrát	several times
bohatý	wealthy
uklidnit	soothe
opice	monkey
výročí	anniversary
policista	policeman
lano	rope
vyměnit	replace
tričko	shirt
dobrodružství	adventure
barva	color
roztomilý	cute
přijet	arrive
koncert	concert
dvanáct	twelve
bouře	storm
úřad	office
utíkat	run
západ	West
omyl	mistake
vzorek	sample
pták	bird
najevo	clear
především	especially
nula	zero
zrušit	cancel
přežití	survival
vytáhnout	pull out
zraněný	wounded
stopa	trace
výsledek	result
firma	company
napůl	half
svatý	holy
vysílání	broadcasting
tma	darkness
dosáhnout	reach
profesionální	professional
síť	network
obzvlášť	especially
prodávat	sell
moderní	modern
opakovat	repeat
americký	American
čarodějnice	witch
letět	fly
užít	enjoy
postavení	status
vydělat	earn
přítomnost	presence
přední	front
vlevo	left
infarkt	heart attack
deník	diary
jih	south
nechť	let
neboť	because
pozitivní	positive
rozloučit	say goodbye
událost	event
povídat	chat
totálně	completely
model	model
krvácení	hemorrhage
tančit	dance
kilo	kilo
technicky	Technically
hotový	ready
zámek	Castle
služba	service
západní	western
pořádný	good
tatínek	Daddy
zajistit	secure
věčnost	eternity
tábor	camp
generace	generation
předem	in advance
vyřídit	deal with
políbit	kiss
masa	mass
hloupost	stupidity
smích	laughter
jenž	that
pohotovost	alert
sezení	seating
díra	hole
vyhnout	dodge
vpřed	forward
rock	rock
ubohý	wretched
vstup	entrance
slabý	weak
podvod	fraud
zvednout	pick up
modrý	blue
tvrdý	tough
postup	approach
dělo	cannon
magie	magic
párkrát	a few times
třída	class
strašný	frightful
vysoká	High
najíst	eat
respekt	respect
nadále	continue
geniální	brilliant
navzdory	despite
motiv	motif
věk	age
kulka	bullet
heslo	password
zamilovaný	in love
brečet	weep
ovoce	fruit
kost	bone
polovina	half
ryba	fish
bezpečně	safely
salát	salad
pytel	sack
poklad	treasure
položit	put
výborný	excellent
hráč	player
náhle	suddenly
lékař	doctor
nadšený	enthusiastic
vedlejší	minor
obyčejný	common
tajný	secret
vpravo	right
trpělivost	patience
adresa	address
lze	possible
věnovat	dedicate
lehnout	lie down
příklad	example
pohnout	move
způsobit	cause
trh	market
prázdný	empty
naproti	opposite
dle	according to
ležet	lie
smůla	bad luck
patnáct	fifteen
poškození	damage
slušně	decently
poměr	ratio
ložnice	bedroom
hrůza	horror
jasno	clear
čistě	cleanly
dosud	yet
pátrání	search
souhlas	agreement
budova	building
zkrátka	shortly
da	da
následovat	follow
role	role
péče	care
pověst	reputation
pěšky	on foot
titul	title
internet	Internet
náklaďák	truck
posledně	last
organizace	organization
vděčný	thankful
materiál	material
bratranec	cousin
šťastně	happily
sociální	social
balíček	package
whisky	whiskey
těžce	heavily
zhruba	roughly
existovat	exist
obojí	both
vysoce	highly
včerejší	yesterday
zákaz	ban
hustý	thick
název	title
poněkud	somewhat
směr	direction
vztek	rage
zásah	intervention
žaludek	stomach
dostatek	enough
falešný	false
lekce	lessons
sloužit	serve
patro	storey
planeta	planet
směšný	ridiculous
finále	finals
majitel	owner
vyzkoušet	test
samo	itself
odstranit	remove
trenér	trainer
týdně	weekly
absurdní	absurd
centrum	center
budoucí	future
vstávat	rise
démon	demon
dílo	work
zatčení	arrest
emoce	emotion
nenávidět	hate
sluneční	solar
sledování	observation
kompletní	complete
hodina	hour
teplo	heat
míle	mile
vážný	serious
vyprávět	tell
pláž	beach
skočit	jump
von	out
trpět	suffer
pojištění	insurance
zlatý	gold
výhled	outlook
zkouška	exam
výkon	performance
věčně	forever
volání	call
skutečnost	reality
předat	convey
šampaňské	Champagne
pilot	pilot
kráva	cow
obří	giant
spodní	lower
potkat	meet
snídaně	breakfast
proud	stream
starosta	mayor
souboj	duel
šálek	cup
odpustit	forgive
můra	Nightmare
lord	lord
podobně	similarly
hlasovat	vote
kouřit	smoke
kudy	way
polibek	kiss
déšť	rain
údolí	valley
rukavice	gloves
trénink	training
skrývat	hide
podat	submit
poslechnout	listen
sebevražda	suicide
vstoupit	enter
představa	idea
soukromý	private
napětí	tension
vydat	issue
otočit	turn over
doufat	hope
poradce	adviser
měnit	change
odvézt	take away
podpis	signature
kontrolovat	control
sláva	fame
kněz	priest
student	student
dotknout	touch
stan	tent
symbol	symbol
připojit	connect
lidský	human
útěk	escape
major	major
dokonale	perfectly
mezinárodní	international
uzavřít	close
trocha	little
znít	sound
selhání	failure
hluk	noise
panna	virgin
bytost	creature
narození	birth
odpočívat	rest
použití	use
nájem	tenancy
strýček	uncle
fotografie	photograph
ranní	morning
hřiště	playground
kopie	copy
věda	science
přát	wish
pozvání	invitation
vracet	return
kufr	suitcase
vítěz	winner
přinejmenším	at least
zdravý	healthy
nepořádek	mess
poledne	noon
východní	east
přirozeně	naturally
hračka	plaything
humor	humor
zbytečně	unnecessarily
opatření	measure
slušný	decent
snadný	easy
podruhé	secondly
tradice	tradition
odchod	exit
šok	shock
lid	people
zezadu	from behind
informovat	inform
slíbit	promise
svobodný	free
krátce	short
písnička	song
slabost	weakness
lidstvo	humanity
čtení	reading
spaní	sleeping
slavný	famous
prospěch	benefit
poradit	advise
psaní	writing
herec	actor
příjmení	surname
zahraničí	abroad
zmatený	confused
tah	move
krádež	theft
spokojený	satisfied
jízda	ride
ideální	ideal
právní	legal
uvolnit	release
turné	tour
nádraží	railway station
vrchní	chief
start	start
silně	strongly
cestovat	travel
loupež	robbery
unést	abduct
had	snake
rameno	shoulder
průzkum	exploration
dědeček	grandfather
projet	ride
rozdělit	split
set	set
psí	dog
otevřený	open
vyrovnat	settle
pohodlí	comfort
úder	strike
host	guest
milost	reprieve
vyjádřit	express
aut	Rental
seznámit	acquaint
jakkoliv	however
létat	fly
lov	hunting
divadlo	theater
veřejnost	public
zvláště	especially
pero	pen
funkce	function
střelec	shooter
žízeň	thirst
hrob	grave
odmítnout	refuse
benzín	gasoline
trávit	digest
potvrdit	confirm
studovat	study
nenávist	hatred
riskantní	risky
požár	fire
opak	opposite
vypořádat	deal
sklo	glass
učitelka	teacher
díl	part
vyčistit	clean
užívat	enjoy
nuda	boredom
příjemný	nice
inteligentní	intelligent
bohatství	wealth
přejít	traverse
hýbat	stir
zoo	ZOO
ohrožení	threat
nedostatek	shortage
kostel	church
epizoda	episode
kostým	costume
tip	tip
krátký	short
medvěd	bear
převzít	take over
ministerstvo	ministry
nadšení	enthusiasm
posedlý	hooked
náboženství	religion
přestože	even though
trénovat	train
srdeční	heart
ignorovat	ignore
slepý	blind
neštěstí	unhappiness
břicho	belly
sebrat	pick
svědectví	witness
pistole	gun
komise	commission
dobrovolně	voluntarily
list	leaf
zničení	destruction
národ	nation
obtěžovat	bother
čin	act
jakýkoliv	whatever
vzdělání	education
mládí	youth
tajně	secretly
dospělý	adult
vysvětlovat	explain
manažer	manager
zajisté	surely
dluh	debt
hudební	music
zevnitř	from the inside
leda	Ice
vlk	wolf
sir	sir
známá	known
dolar	dollar
identifikovat	identify
zkušenost	experience
rozvod	divorce
minimálně	at least
učení	apprenticeship
žádat	ask
stráž	guard
výbuch	explosion
laboratoř	lab
průkaz	card
schůzka	meeting
katastrofa	disaster
záchvat	seizure
rodinný	family
omlouvat	apologize
přiznání	admission
některý	some
vrchol	top
nádobí	crockery
hrozba	threat
správce	administrator
plat	salary
banka	bank
natolik	enough
zkoušet	rehearse
dřevo	wood
očekávat	expect
kontrola	control
zoufale	desperately
podobný	similar
povrch	surface
následující	next
ministr	minister
sál	hall
vodní	water
otisk	imprint
úsilí	effort
tlustý	thick
propuštění	release
sníh	snow
víra	faith
pořad	agendas
kapela	band
spravit	mend
velitelství	headquarters
porota	jury
uklidit	clean up
kampaň	campaign
osobnost	personality
rozumět	understand
cukr	sugar
vládní	governmental
stěží	barely
odvést	divert
pokrok	progress
strážce	watchman
úplný	complete
pozdravit	greet
domluvit	agree
oznámení	announcement
balík	package
vídat	seeing
umělec	artist
karta	card
stáhnout	Download
bojovník	fighter
zvědavý	curious
legální	legal
popsat	describe
inspektor	inspector
odměna	reward
perfektně	perfectly
uniknout	escape
zločinec	felon
vzhled	appearance
zabrat	occupy
olej	oil
ztracený	lost
podvodník	trickster
populární	popular
zábavný	fun
expert	expert
pozorně	attentively
sportovní	sports
stín	shadow
věž	tower
kruh	circle
vidění	vision
cestování	travel
říše	empire
vstát	stand up
uznat	recognize
aktivní	active
únos	kidnapping
dopravní	transport
umýt	wash
postoj	attitude
chaos	chaos
náhradní	substitute
nakupovat	buy
oslava	celebration
bezpečný	safe
námitka	objection
ovládání	control
asistent	assistant
televizní	TV
půlka	half
zelený	green
posadit	sit
gang	gang
smlouva	agreement
spolehnout	count
tlačítko	button
hřích	sin
vyslechnout	hear
kalifornie	California
svoboda	freedom
spiknutí	conspiracy
kupředu	ahead
báječný	yummy
telefonát	phone call
postava	character
zaměstnání	employment
přibližně	about
pořádek	tidiness
přistání	landing
zmatek	confusion
hotovost	cash
krize	crisis
kanál	channel
ochotný	helpful
vloupání	housebreaking
hrabě	earl
růže	roses
podnikání	undertaking
prázdniny	holidays
nalezení	finding
překonat	overcome
album	album
odpovědnost	responsibility
objednat	order
osamělý	lonely
určit	identify
vzdálenost	distance
projev	speech
vkus	taste
klidný	calm
fyzicky	physically
tisk	print
legenda	legend
letní	summer
obřad	ceremony
košile	shirt
fanoušek	fan
byznys	business
židle	chair
přepadení	assault
bitva	battle
jeskyně	cave
donutit	coerce
přesný	accurate
zápěstí	wrist
pozemek	land
drama	drama
hněv	anger
sousedství	neighborhood
konkrétní	specific
miss	miss
krytí	cover
odhalit	reveal
sdílet	Share
obrátit	turn
svědčit	witness
myšlení	thought
přesunout	move
údajně	supposedly
vaření	cooking
pozadí	background
bankovní	banking
příjem	income
původně	originally
hergot	damn
čerstvý	fresh
stydět	ashamed
krýt	cover
soudit	judge
cvičit	train
dít	happen
dokument	document
výzva	challenge
čekání	waiting
odpad	waste
avšak	yet
návštěva	visit
poskytnout	grant
výstřel	shot
dosah	reach
ústa	mouth
fantazie	fantasy
líbat	kiss
civilizace	civilization
vášeň	passion
pozdrav	greeting
jedenáct	eleven
rakovina	cancer
připomenout	remind
účetní	accountant
usnout	go to sleep
e-mail	E-mail address
oznámit	announce
pomsta	revenge
pospíšit	hurry
odpovídat	answer
zaměřit	concentrate
krysa	rat
top	top
recept	recipe
pohovor	interview
taxík	cab
posádka	crew
laskavě	kindly
špinavý	dirty
plakat	cry
žid	Jew
hluboce	profoundly
křeslo	armchair
denní	daily
prosit	please
pád	crash
teplota	temperature
dědictví	heritage
doprovod	accompaniment
plíce	lungs
termín	deadline
rušit	disturb
nádor	tumor
pomstít	revenge
prověřit	check
američan	American
přírodní	natural
agresivní	belligerent
scéna	scene
hlasování	voting
blok	block
totální	total
pěst	fist
robot	robot
vězeň	prisoner
divize	division
namísto	instead
obchodník	businessman
vydání	release
porušení	violation
naivní	naive
bible	Bible
instrukce	instructions
lehký	light
odpadky	trash
ujít	miss
statečný	brave
hnutí	movement
omluva	apology
držení	holding
tlačit	push
profil	profile
zub	tooth
brána	gate
lovec	hunter
splnit	fulfill
roh	corner
odpor	resistance
přístroj	device
předchozí	previous
mrtvola	corpse
prát	wash
ucho	ear
spisovatel	writer
házet	throw
politika	politics
vůně	fragrance
vchod	entrance
překvapený	surprised
čtyřicet	forty
zrak	sight
dodávka	supply
barák	barrack
natáčení	shooting
vědec	scientist
zdaleka	by far
ex	ex
talíř	plate
člun	boat
kolega	colleague
doporučení	recommendation
hrad	castle
náručí	arms
stěžovat	complain
spustit	run
obětovat	sacrifice
horní	Upper
komunikace	communications
oceán	ocean
linie	line
terapie	therapy
nástroj	tool
výtah	elevator
zhluboka	deep
řád	order
dodat	supply
léčit	treat
učinit	do
stránka	page
přísně	strictly
rozsudek	verdict
veřejně	in public
les	forest
předmět	subject
podél	along
křik	outcry
experiment	experiment
stabilní	stable
postupně	gradually
seriál	series
děsivý	awesome
zklamání	disappointment
jez	is from
vize	vision
kouř	smoke
zdejší	local
příšerný	ghastly
zlomit	break
popel	ash
pás	strip
drsný	rough
živě	Live
játra	liver
značka	brand
hovězí	beef
uvědomit	realize
taneční	dancing
úmrtí	death
golf	golf
vyloučit	exclude
spojitost	connection
otevření	opening
máslo	butter
námořní	seagoing
náklad	cost
horký	hot
smutek	sadness
úspěšný	successful
těhotenství	pregnancy
rekord	record
nutně	necessarily
provoz	traffic
fáze	phase
chirurg	surgeon
nu	nu
pitomý	daft
točit	spin
vzrušení	thrill
baterie	battery
vzájemně	mutually
umírat	be dying
poslání	mission
konverzace	conversation
církev	church
štít	shield
nedaleko	near
čestný	honest
společný	common
odporný	loathsome
dav	crowd
pouto	bond
krutý	cruel
odstup	spacing
morální	moral
revoluce	revolution
respektovat	respect
běhat	run
studio	studio
čtvrt	quarter
mučení	torture
zaútočit	attack
nalevo	on the left
stavět	build
schovávat	hide
bydlení	housing
pohlaví	sex
prášek	powder
čtvrtý	fourth
odložit	postpone
nahý	naked
herečka	actress
zvážit	consider
instinkt	instinct
soused	neighbor
náměstí	square
atraktivní	attractive
nábytek	furniture
svetr	jumper
cm	cm
zemětřesení	earthquake
předseda	chairman
zvyklý	accustomed
vyšetření	examination
nevěsta	bride
maximálně	maximally
gauč	couch
extrémně	Extremely
nesmírně	immensely
trapný	embarrassing
zopakovat	repeat
káva	coffee
zacházet	treat
záběr	shot
vrtulník	helicopter
zítřek	tomorrow
očekávání	expectations
popis	description
strážník	officer
kuchař	cook
hromada	pile
jemně	gently
růst	growth
kupovat	buy
sůl	salt
zavřený	closed
koberec	carpet
duševní	mental
ošklivý	ugly
vsadit	wager
časopis	magazine
personál	staff
sbalit	pack
potvrzení	confirmation
nutit	coerce
parkoviště	parking lot
skok	jump
probudit	wake
drak	dragon
základna	base
kořist	booty
krást	thieve
můstek	bridge
protokol	protocol
festival	festival
přestěhovat	move
povědět	tell
kyslík	oxygen
výslech	interrogation
strategie	strategy
najmout	hire
objevit	discover
řeka	river
tucet	dozen
blesk	lightning
zážitek	enjoyment
série	series
mlčet	be silent
publikum	audience
přímý	direct
předpokládat	assume
bazén	swimming pool
guvernér	governor
napravo	right
nudný	boring
zákazník	customer
umět	know how
historka	story
koktejl	cocktail
přimět	bring
zapotřebí	required
itálie	Italy
disk	disk
tvrdit	claim
vystoupit	get off
technika	technology
nahradit	replace
hoch	boy
kariéra	career
řím	Rome
svézt	ride
duchovní	spiritual
mapa	map
volit	choose
skóre	score
vládnout	govern
rozhodovat	decide
nést	carry
věznice	jail
hlídka	patrol
končit	ending
kat	hangman
též	too
ověřit	check
odnést	carry
ovce	sheep
náskok	lead
císař	emperor
účel	purpose
text	text
jezero	lake
hodnocení	reviews
obejmout	hug
veliký	big
zrcadlo	mirror
mocný	powerful
stupeň	degree
vinit	blame
měsíční	monthly
novinka	news
plášť	sheathing
di	di
prohlédnout	inspect
kříž	cross
batoh	backpack
překvapit	surprise
bláznivý	crazy
obávat	worry
donést	take
vlna	wave
obvinit	blame
odhad	estimate
pevnost	strength
tunel	tunnel
zabalit	wrap
vyděšený	frightened
dohodnout	settle
zapnout	switch on
sdělit	communicate
ročně	per annum
předvést	demonstrate
ručník	towel
chápat	understand
zato	for
hůl	staff
přenést	transfer
takovýhle	kind of
kufřík	case
tráva	grass
odcházet	go
kopat	dig
monsieur	Monsieur
nepochybně	doubtless
masáž	massage
pravidelně	regularly
ráj	paradise
stres	stress
pochopení	understanding
kšeft	racket
pořadí	order
sekce	section
zachovat	preserve
spánek	sleep
částečně	partly
shromáždění	rally
vhodný	suitable
zisk	profit
vybírat	choose
poprosit	ask
senátor	senator
ukazovat	show
potenciál	potential
střelba	shooting
plot	fence
milión	million
procházet	go through
synovec	nephew
stavit	come by
palivo	fuel
vyjednávat	negotiate
úkryt	shelter
anonymní	anonymous
tichý	silent
neděle	Sunday
odhalení	revelation
fakticky	factually
tvar	shape
trůn	throne
sako	jacket
povolání	profession
pozorování	observation
vojenský	military
sestřenice	cousin
zejména	especially
podporovat	support
štědrý	generous
pečlivě	carefully
příčina	cause
mladík	youngster
vzbudit	arouse
písek	Sand
vyjednávání	negotiation
získání	acquisition
střela	missile
sklenice	jar
palec	thumb
parta	crew
ztrácet	waste
elegantní	elegant
věrný	faithful
uznání	recognition
obnovit	restore
hanba	shame
lovit	hunt
kapitola	chapter
posílat	sent
tahat	pull
vydírání	extortion
nárok	claim
pohár	Cup
účes	hairstyle
osvobodit	liberate
hit	hit
touha	desire
výhra	win
soucit	compassion
drát	wire
myš	mouse
maličkost	trifle
operovat	operate
zklamaný	disappointed
čtvrť	district
dýchání	breathing
poměrně	relatively
nářadí	tool
vozidlo	vehicle
absolutní	absolute
tradiční	traditional
odkaz	link
prohledat	search
ovlivnit	affect
tón	tone
infekce	infection
obzvláště	especially
rovněž	also
dopustit	commit
vládce	Ruler
reagovat	react
jmění	fortune
naplno	at full blast
vida	vida
jenomže	But
oslavit	celebrate
teplý	warm
koleno	knee
napadnout	attack
ostuda	shocker
mobilní	mobile
mince	coin
efekt	effect
realita	reality
prohrát	lose
linka	line
báseň	poem
pohybovat	move
večerní	evening
natočit	shoot
maximální	maximal
konkrétně	concretely
dno	bottom
udržovat	maintain
pila	sawmill
existence	existence
záhada	mystery
detail	detail
výjimečný	exceptional
sport	sport
pršet	rain
nouze	emergency
příroda	nature
vyvolat	cause
pohřbít	bury
palác	palace
odpočinek	relaxation
vzor	pattern
výcvik	training
zlobit	annoy
podzim	fall
připomínat	remind
komunikovat	communicate
citlivý	sensitive
ocas	tail
exploze	explosion
vyrobit	produce
zapojit	plug in
rozchod	gauge
plést	weave
spěch	rush
originální	original
nařízení	regulation
funkční	functional
incident	incident
bít	beat
dealer	dealer
pozorovat	watch
cizinec	foreigner
akademie	academy
zblízka	close up
chrám	temple
představivost	imagination
operační	operating
akcie	share
zpomalit	slow down
pronásledovat	chase
vnější	outer
rozejít	break
mizerný	crappy
vo	within
obhájce	barrister
vytvoření	creation
vycházet	come out
kombinace	combination
obrat	turnover
přiblížit	approach
zapsat	write
důvěřovat	trust
posunout	move
objekt	object
iluze	illusion
dočasně	temporarily
box	box
provaz	rope
volně	freely
mars	mars
přenos	transmission
desky	Plates
fantastický	fantastic
teoreticky	in theory
cestující	passengers
dětský	children
podpořit	promote
čtyřikrát	four
zásadní	essential
zoufalý	desperate
obsah	contents
průvodce	guide
kouření	smoking
fazole	beans
závěr	conclusion
pobavit	entertain
žijící	living
spolupráce	cooperation
krém	cream
oženit	marry
rituál	ritual
náčelník	chief
slavit	celebrate
divoký	wild
jablko	apple
ovládnout	dominate
ušetřit	save
blízký	close
zabezpečení	security
rozbít	smash
základ	foundation
úleva	relief
koš	basket
rytmus	rhythm
pokračování	sequel
totožnost	identity
obejít	circumvent
praštit	bash
brutální	brutal
naprostý	sheer
stanoviště	post
prozkoumat	explore
háček	hook
zaměstnanec	employee
laskavý	kind
módní	fashionable
věrnost	faithfulness
porovnání	comparison
jmenovat	appoint
pokušení	temptation
patrně	apparently
potlesk	applause
potrubí	pipeline
bohyně	goddess
strčit	poke
zmínit	mention
stížnost	complaint
vývoj	development
rozpočet	budget
složitý	complicated
zadržet	withhold
prokázat	show
odvážný	courageous
ročník	year
černoch	Negro
zlepšit	enhance
hrubý	rough
oblečený	dressed
útočiště	haven
balení	Package
dárce	donor
galaxie	galaxy
tečka	dot
srovnat	level
poloviční	half
vylézt	climb
vydělávat	earn
vejít	enter
bok	hip
kladivo	hammer
hrdlo	throat
naštvat	upset
zvyknout	accustom
hladový	hungry
nejenom	not only
založit	establish
pobyt	stay
diamant	diamond
polštář	cushion
shoda	agreement
bank	Banks
federace	federation
rozumný	reasonable
tvrzení	claim
zvyk	custom
vyděsit	scare
agentura	agency
vdova	widow
připustit	admit
studený	cold
pátý	fifth
nato	ON IT
džungle	jungle
společenství	community
sejmout	remove
přesvědčení	conviction
reklama	ad
vozík	trolley
luxusní	luxury
chléb	bread
týkající	on
vousy	beard
poranění	injury
uvařit	cook
dobytek	cattle
nově	new
krám	shop
trápení	vexation
zranit	hurt
spálit	burn
kouknout	peek
bezpochyby	doubtless
rybí	fish
létající	flying
novinář	journalist
med	honey
dohled	surveillance
únik	leak
forma	form
křídlo	wing
studie	study
air	air
pracující	working
úmyslně	deliberately
sluníčko	sun
nápis	inscription
dopad	impact
upravit	adjust
romantický	romantic
chvilka	bit
rodič	parent
přinutit	force
británie	Britain
půda	ground
napříč	across
zvonek	bell
zvýšit	increase
pusa	kiss
armádní	army
jaro	spring
skákat	jump
ironie	irony
svátek	feast
samotný	alone
country	Country
čip	chip
ručně	Manually
navrhnout	suggest
přistát	land
záměr	intention
občan	citizen
kopec	hill
zastávka	stop
považovat	consider
obviňovat	blame
trápit	worry
účast	participation
orel	eagle
čaroděj	wizard
charakter	character
gesto	gesture
veškerý	all
zdržovat	restrain
oční	eye
srovnání	comparison
vedro	heat
sekretářka	secretary
vzpomínka	memory
odolat	resist
určitý	some
pravděpodobnost	probability
milenec	lover
tanečnice	dancer
sluha	servant
jádro	core
mrknout	nictate
užitečný	helpful
původ	ancestry
standardní	standard
výbor	committee
uvažovat	consider
činnost	activity
rozbitý	broken
skandál	scandal
román	novel
soubor	file
pachatel	offender
generátor	generator
databáze	database
zajet	run
pouliční	street
obyvatel	inhabitant
paprsek	beam
koneckonců	after all
pošta	post office
minuta	minute
speciálně	Specially
válečný	war
ochrana	protection
smířit	reconcile
pořídit	buy
záměrně	deliberately
dopadnout	turn out
uspořádat	organize
deprese	depression
vymazat	delete
stokrát	hundreds of times
uklízet	clean up
aliance	alliance
vypustit	launch
sbor	chorus
děkovat	thank
nasadit	put on
těšit	look forward
řádně	properly
stihnout	catch
francouzský	French
prozradit	reveal
chlapeček	baby boy
mor	plague
lev	lion
zaručit	guarantee
cirkus	circus
spadnout	fall
cd	CD
diskutovat	debate
propustit	sack
kouzelný	Magical
podpora	support
odvolání	appeal
slepice	hen
spis	file
zničený	destroyed
úsudek	opinion
otrava	poisoning
zasáhnout	hit
temný	dark
sebevědomí	self-confidence
pásek	strap
žralok	shark
honit	chase
ba	nay
ohromný	huge
rukopis	manuscript
val	wall
taška	bag
vzorec	formula
nazvat	call
nákup	purchase
vzácný	rare
příchod	advent
německo	Germany
snížit	reduce
zápach	odor
umístění	location
znak	character
tudíž	therefore
důl	mine
syndrom	syndrome
viset	hang
závislý	dependent
měsíčně	per month
svést	seduce
oddanost	dedication
pochopitelně	naturally
režisér	director
překrásný	beautiful
hora	mountain
komunikační	Communications
lítost	regret
řvát	scream
marka	mark
muzeum	museum
přijetí	adoption
zapálit	ignite
zklamat	disappoint
rakev	coffin
sezóna	season
terč	target
skrýt	hide
kriminální	criminal
světový	worldwide
investice	investment
zpěv	singing
porozumět	understand
rýže	rice
centrální	central
delta	delta
potřetí	third
hladce	smoothly
výměna	exchange
kreditní	Credit
oddíl	Section
vypít	drink
podsvětí	underworld
mínění	opinion
krmit	feed
us	US
překvapivě	surprisingly
dívčí	girlish
příbuzný	related
vstupní	input
patřit	belong
desetiletí	decade
produkt	product
jarní	spring
mučit	torture
rytíř	knight
známka	mark
vyhýbat	avoiding
dotýkat	touch
dovolená	holiday
konat	hold
sobota	Saturday
služební	Business
polévka	soup
dálnice	highway
obrana	defense
drobný	small
mafie	mafia
sklad	warehouse
studentka	student
dopoledne	morning
zoufalství	despair
snít	dream
léčba	treatment
terorista	terrorist
vychovávat	educate
temnota	darkness
zkazit	spoil
osn	UN
omezení	limitations
složit	fold
úspěšně	successfully
nač	what for
běžný	common
spěchat	hurry
přicházet	come
pomyšlení	thought
mikrofon	microphone
nalézt	find
dohlížet	supervise
společník	companion
hrdost	pride
papež	pope
zóna	zone
nízko	low
současně	at the same time
extrémní	extreme
objev	discovery
nikoliv	not
pověsit	hang
chod	run
zažít	experience
směs	mix
minimální	minimum
vyplnit	fill
využití	utilization
zvířecí	animal
tamten	yonder
telegram	telegram
globální	global
úhel	angle
snášet	suffer
chutnat	taste
producent	producer
kurt	court
jednička	one
ohrozit	compromise
svěřit	entrust
snímek	image
lítat	flying
nákladní	Freight
králík	rabbit
poznámka	remark
zavést	introduce
bouřka	storm
dvojitý	double
předměstí	suburb
inteligence	intelligence
dělit	divide
hluboký	deep
konference	conference
oproti	compared to
eso	ace
natož	let alone
nádrž	tank
přirozený	natural
populace	population
věřící	believer
typický	typical
hmyz	insects
vynechat	skip
trouba	oven
turnaj	tournament
hlásit	report
kvalitní	quality
advokát	lawyer
čtrnáct	fourteen
koupelna	bathroom
odborník	expert
nastoupit	board
ruční	hand
pat	stalemate
vystřelit	fire
čert	devil
důkladně	thoroughly
záležet	matter
závazek	commitment
chybějící	missing
knoflík	button
pochybovat	doubt
zachytit	catch
finance	finance
tušit	suspect
pojistka	insurance
gól	goal
rozšířit	expand
připadat	seem
post	post
inženýr	engineer
nudit	bore
pach	odor
šestnáct	sixteen
přivítat	welcome
zlomený	broken
dohnat	catch up
žlutý	yellow
snaha	effort
cestovní	travel
oslavovat	celebrate
roční	yearly
pohon	drive
veselý	hilarious
kotník	ankle
ústup	retreat
otevřeně	openly
moudrý	wise
nováček	greenhorn
žalobce	prosecutor
dějiny	history
zákrok	intervention
urazit	offend
přerušit	interrupt
vystupovat	stand out
hřbitov	cemetery
běh	run
schůze	meeting
pevný	firm
nechávat	leave
pobřežní	coastal
studium	study
vlastnictví	property
radní	councilor
spor	dispute
komisař	commissioner
mile	mile
doposud	yet
čokoláda	chocolate
rozjet	ramp
věčný	everlasting
jaksi	sort of
dvůr	yard
ochránce	protector
nahrávka	record
zachraňovat	rescue
panenka	doll
tygr	tiger
omáčka	sauce
malovat	paint
milostný	amatory
odvolat	appeal
působit	act
chudý	poor
řez	cut
formulář	form
důvěra	confidence
pacientka	patient
kurs	course
rozhodující	critical
porucha	failure
plánování	planning
civilní	civil
utratit	spend
mlčení	silence
spáchat	commit
pozdní	late
zapamatovat	remember
raketa	rocket
ničení	destruction
špína	dirt
lékařský	medical
stoprocentně	definitely
vyjádření	expression
žert	prank
prodejce	vendor
začínat	begin
zmáčknout	squeeze
zahraniční	foreign
živobytí	living
zrada	betrayal
sára	Sarah
fond	fund
pláč	crying
pódium	podium
ustoupit	retreat
časový	temporal
kaše	mash
hovořit	talk
dvojče	twin
postřeh	observation
desetkrát	ten times
rasa	race
kolonie	colony
maximum	maximum
uhlí	coal
hnízdo	nest
elektřina	electricity
milenka	mistress
krycí	cover
sázka	bet
austrálie	Australia
sedadlo	seat
titulek	caption
ozbrojený	armed
moudrost	wisdom
obecně	general
přezdívka	nickname
potrestat	punish
břeh	bank
zdržet	abstain
masakr	massacre
software	software
stádo	herd
madame	Madame
maličký	little
čína	China
otrok	slave
ředitelka	directress
vybudovat	build
masivní	massive
granát	grenade
nazývat	calling
zastavení	stopping
představovat	represent
řídící	directional
kontrolní	control
přehled	summary
podniknout	undertake
sídlo	seat
produkce	production
léčení	treatment
sestřička	nurse
slavnost	celebration
zasedání	session
ptačí	can
lodní	shipping
knížka	book
částice	particles
pauza	pause
padat	fall
digitální	digital
hluchý	deaf
přátelský	friendly
nastavit	set
povstání	insurrection
horečka	fever
dorazit	arrive
popřít	disown
zajetí	captivity
odletět	fly out
složka	component
natáčet	film
schránka	mailbox
upozornit	warn
poschodí	storey
obžalovaný	defendant
náročný	challenging
přesvědčený	convinced
obchodovat	deal
ukradený	stolen
dodržovat	follow
obor	discipline
vysílat	carry
výhoda	benefit
paže	arm
parfém	perfume
zamilovat	love
zimní	winter
univerzita	university
originál	original
koření	spices
klasický	classical
třináct	thirteen
šíp	arrow
byť	be
důstojnost	dignity
běžně	ordinarily
premiér	premier
frekvence	frequency
efektivní	effective
vpředu	ahead
pomalý	slow
průmysl	industry
firemní	business
modul	modulus
hrnek	cup
generální	general
hořet	burn
otřes	shock
žebřík	ladder
volební	election
zobák	beak
daň	tax
úředník	official
obyčejně	usually
čerstvě	freshly
postupovat	proceed
jakožto	as
naslouchat	listen
kg	kg
munice	ammunition
zazpívat	sing
zamknout	lock up
trofej	trophy
osmnáct	eighteen
maska	mask
šetřit	save
vyšetřovat	investigate
tkáň	tissue
jeviště	stage
dodnes	to this day
trefit	hit
požadavek	demand
obhajoba	defense
vdát	married
probírat	discuss
hladina	level
zúčastnit	participate
automaticky	automatically
ničit	destroying
uzavření	closure
využívat	use
trpělivý	patient
prostitutka	prostitute
droga	drug
vědecký	scientific
zvýšení	increase
naplnit	fill
vážený	honorable
dostávat	receive
účinek	effect
zdání	appearance
milovaný	beloved
šedesát	sixty
rozumně	reasonably
obočí	eyebrows
transport	transport
doprovodit	escort
komplikace	complication
zásilka	consignment
pejsek	doggie
reportér	reporter
mýdlo	soap
rozmyslet	think about
fotbalový	football
křoví	bushes
britský	British
továrna	factory
nanejvýš	most
záření	radiation
pravomoc	competence
tok	flow
vinný	guilty
usadit	settle
vyslovit	pronounce
prožít	live through
udeřit	strike
metr	meter
praxe	practice
chemie	chemistry
stříbro	silver
slavnostní	festive
růžový	pink
rozvést	divorce
reportáž	reportage
mistrovství	championship
podivný	strange
pojem	notion
vyndat	put out
střelit	shoot
plavky	swimsuit
kandidát	candidate
autor	author
ptáček	bird
dvojka	Pair
legálně	legally
pohodlně	comfortably
písmo	font
soutěžit	compete
dokončení	completion
euro	euro
záchrana	rescue
ulička	alley
klavír	piano
kloub	joint
podzemní	underground
volant	steering wheel
šestý	sixth
obloha	garnish
husí	goose
vlast	country
včerejšek	yesterday
označení	designation
farma	farm
poštovní	postal
zpočátku	initially
nápoj	beverage
rezervace	reservation
spravedlivý	righteous
elektrický	electrical
podávat	feed
ruský	Russian
kapka	drop
předpis	prescription
účastnit	participate
okruh	circuit
primitivní	primitive
stěhovat	move
hádka	hassle
rudý	red
lahev	Bottle
mlha	fog
housle	violin
čínský	Chinese
cosi	something
jemný	fine
injekce	injection
stavební	structural
vstříc	meet
odjakživa	always
aktuální	current
oprávnění	authorization
námořnictvo	Navy
naznačit	suggest
dotaz	inquiry
víla	fairy
tempo	pace
rod	genus
řetěz	chain
pouštět	run
posedlost	obsession
viz	see
vnuk	grandson
vykládat	construe
konflikt	conflict
impérium	empire
socha	statue
ocenění	appreciation
nemocniční	hospital
portrét	portrait
zakrýt	cover up
odvaha	courage
lézt	climb
zbývající	remaining
zatáhnout	retract
chytat	catch
styk	contact
prostředek	means
navázat	establish
schodiště	staircase
limit	limit
přístav	harbor
sáhnout	touch
zírat	goggle
náznak	hint
okraj	edge
komplikovaný	complicated
očistit	cleanse
vizuální	visual
shora	above
potíž	difficulty
zkušební	probationary
poušť	desert
spolek	guild
cent	cent
plnit	perform
partnerství	partnership
klec	cage
profesionál	professional
německý	German
psychiatr	psychiatrist
mírně	gently
hmota	mass
metro	Metro
ostrý	sharp
nedělní	Sunday
rozruch	stir
scházet	meet
fotograf	photographer
čepice	hat
vévoda	duke
vylepšit	upgrade
spočítat	calculate
nastěhovat	move
svítání	sunrise
uvést	state
nahrát	record
jedinečný	unique
závodit	race
ocenit	appreciate
off	off
ambice	ambitions
konkurence	competition
číšník	waiter
moč	urine
sedmnáct	seventeen
tank	tank
mýtus	myth
procházka	Stroll
demokracie	democracy
nebesa	Heavens
veřejný	public
sbírat	collect
galerie	gallery
oddaný	dedicated
splatit	repay
uložit	impose
královský	royal
komedie	comedy
trestní	criminal
víceméně	more or less
odmítnutí	rejection
pohřební	funereal
výška	height
ubytování	accommodation
zjištění	finding
dodržet	abide
pohádka	tale
podržet	hold
dovést	lead
rozdat	give away
knihovna	library
severně	north
přizpůsobit	adapt
unikátní	unique
přízemí	ground floor
vyhrožovat	threaten
atmosféra	atmosphere
dráha	track
skříň	cupboard
dodatek	supplement
naplánovat	schedule
hoře	mountain
příjemně	pleasantly
souvislost	connection
modelka	model
režie	Directing
odstranění	removal
slovní	verbal
šířit	spread
pohlavní	sexual
anglický	English
navštěvovat	visit
ukončení	termination
ukrýt	shelter
poezie	poetry
legendární	legendary
strážný	guard
nutný	necessary
povrchní	shallow
kulturní	cultural
zlepšení	improvement
zbytečný	wasted
beztak	anyhow
jazz	jazz
výstup	output
invaze	invasion
půlnoc	midnight
zpěvák	singer
životopis	resume
mokrý	wet
liga	league
váha	weight
oddělit	separate
analýza	analysis
oč	what
jezdec	rider
živit	nurture
básník	poet
vypovídat	testify
bakterie	bacteria
čelo	forehead
táhnout	drag
přestávka	break
pečeť	seal
smutně	sadly
trčet	stock up
coby	what would
tenis	tennis
snést	endure
útočník	forward
formální	formal
krvavý	bloody
hrudník	chest
kopí	spear
portál	portal
muzika	music
podstoupit	undergo
shodit	throw
zahrada	garden
ministryně	Secretary
proměnit	convert
právem	rightly
tolerovat	tolerate
porod	childbirth
střed	middle
okresní	District
premiéra	premiere
spoléhat	rely
pot	sweat
pocta	tribute
nakoupit	buy
vzpomínat	reminisce
přivézt	carry
páteř	spine
doprostřed	middle
technik	technician
peněženka	wallet
panství	manor
pohroma	disaster
zacházení	treatment
uzavřený	closed
bunda	jacket
vojsko	army
oživit	revive
porušit	violate
potenciální	potential
koníček	hobby
status	status
látka	substance
prostý	plain
kabel	cable
kov	metal
pokoušet	try
šátek	scarf
zneužívání	abuse
rozhodčí	referee
středisko	center
fronta	queue
garáž	garage
poselství	message
velvyslanec	ambassador
svatyně	shrine
tajit	concealing
míchat	stir
tyč	rod
dotek	touch
specialita	specialty
kongres	congress
tvor	creature
hořící	burning
zůstávat	stay
unaveně	weary
subjekt	subject
hon	hunt
závěť	testament
průchod	passage
politický	political
bezdomovec	homeless
vyčerpaný	exhausted
opuštěný	abandoned
topení	heating
porozumění	understanding
spoj	link
vážit	weigh
automat	automat
zřídka	rarely
chemikálie	chemicals
ledový	iced
směna	shift
inzerát	advertisement
námořník	sailor
urážka	insult
zákulisí	behind the scenes
pohoda	contentment
zlost	anger
přeložit	translate
přijímat	take
zamyslet	think
sežrat	devour
skromný	modest
vyrábět	produce
skříňka	cabinet
svěží	fresh
pleť	complexion
klást	put
hokej	hockey
rodit	bear
páska	tape
zahájit	begin
zvolit	choose
solidní	solid
závislost	dependence
pronásledování	persecution
mluvčí	spokesman
baron	baron
správní	administrative
chladný	cool
záblesk	gleam
skála	rock
tvářit	look
trávník	lawn
mimořádně	extremely
levný	cheap
zjevení	revelation
osel	donkey
pochodeň	torch
plamen	flame
počítačový	computer
značně	greatly
zanedlouho	soon
nadace	foundation
image	image
kapesník	handkerchief
akt	act
vloni	last year
vlastnit	own
sirotek	orphan
násilník	rapist
zvon	bell
zvenčí	from without
střízlivý	sober
osvobození	liberation
poplatek	fee
vydávat	emit
každodenní	daily
zradit	betray
balet	ballet
pavouk	spider
vyrovnání	settlement
odraz	reflection
sklep	cellar
mužský	male
hlasitě	loud
středa	Wednesday
hlídač	watchman
neutrální	neutral
vložit	insert
tajemný	mysterious
natáhnout	stretch
zamířit	aim
vyčerpávající	exhaustive
přeskočit	skip
bin	bin
kachna	duck
plakát	poster
přihlásit	sign in
alternativní	alternative
kočár	carriage
filmový	movie
ostatně	moreover
společenský	social
příspěvek	contribution
vyšetřovatel	investigator
metoda	method
propojení	link
útočit	attack
připravovat	prepare
podání	submissions
vytahovat	pull
nástup	boarding
záloha	backup
pouhý	mere
servis	service
čokoládový	chocolate
kalendář	calendar
vynález	invention
zanechat	leave
odstěhovat	move
mířit	aim
hodnost	rank
admirál	admiral
sms	SMS
obchodování	Trading
významný	significant
banán	banana
přesun	shift
zkoumat	examine
bmw	BMW
vyjasnit	clear
hnědý	brown
prohlídka	tour
definitivně	finally
chudinka	poor soul
posel	messenger
břemeno	burden
mládě	cub
proniknout	penetrate
provádět	perform
ohlásit	announce
neboli	or
nadřízený	senior
mnich	monk
kraj	region
poznání	cognition
pátrat	search
investovat	invest
hodnota	value
deska	board
intimní	intimate
štáb	staff
vlas	hair
uniforma	uniform
prodavač	salesman
medaile	medal
slon	elephant
průměrný	average
plánovat	plan
farmář	farmer
stáří	age
kino	cinema
maják	lighthouse
cenný	valuable
vyřadit	discard
opakovaně	repeatedly
et	et
pýcha	pride
argument	argument
čelist	jaw
komplex	complex
předvídat	anticipate
svazek	volume
strkat	push
sektor	sector
dávka	dose
záchranný	rescue
železo	iron
vlajka	flag
kolegyně	colleague
výše	above
čištění	cleaning
kolej	college
kategorie	category
reklamní	advertising
zánět	inflammation
vcelku	rather
malíř	painter
chůze	walk
strop	ceiling
trať	track
zasahovat	encroach
překročit	exceed
nízký	low
kultura	culture
zrušení	repeal
skrytý	hidden
aktivita	activity
suchý	dry
onemocnění	illness
výpadek	failure
zaujmout	take
rozsah	scope
čili	or
plavidlo	vessel
německy	German
kvalita	quality
odpovídající	appropriate
naráz	at once
vyptávat	quiz
mořský	marine
levý	left
odevzdat	hand in
velet	command
mluvící	speaking
důchod	retirement
sukně	skirt
kroužek	ring
peří	feather
rozptýlit	dispel
písmeno	letter
sousedka	neighbor
padnout	fall
otrávit	poison
průměr	average
střecha	roof
český	Czech
spolehlivý	reliable
deštník	umbrella
pojmenovat	name
výrobce	manufacturer
loutka	puppet
trpaslík	dwarf
vajíčko	egg
podivně	peculiarly
náraz	shock
předčasně	early
zavraždit	murder
vyučování	tuition
zmínka	mention
lepidlo	glue
umístit	place
sluch	hearing
vyprávění	story
zaplacení	repayment
vyloučení	exclusion
složení	composition
bbc	BBC
sáček	bag
fyzický	physical
mládež	youth
těsný	close
vodka	vodka
záhadný	mysterious
obal	package
uprchlík	fugitive
jednoznačně	positively
pozemní	ground
kandidovat	run
věta	sentence
lesní	Forestry
mrkev	carrot
pochod	march
provedení	performance
koncept	draft
vrazit	thrust
celkově	overall
sbírka	collection
zvědavost	curiosity
svobodně	freely
trosky	debris
odhadnout	estimate
býk	bull
žal	heartbreak
spojený	connected
popelnice	dustbin
liška	fox
utopit	drown
vyrůstat	grow
tuk	fat
sebemenší	slightest
odlišný	different
urychlit	accelerate
placení	payment
uvolnění	release
zkratka	shortcut
sňatek	marriage
skvrna	stain
hruď	chest
málokdy	seldom
smrtelný	deadly
malér	scrape
jakýsi	sort of
ocel	steel
režim	mode
ač	though
naložit	load
divadelní	theatrical
mýlit	wrong
sobotní	Saturday
zelí	cabbage
radikální	radical
drzý	sassy
železnice	railway
potopit	sink
soustředění	concentration
obilí	corn
polní	field
bota	shoe
sprostý	indecent
potěšit	please
cyklus	cycle
odpovědný	responsible
dolní	Lower
přísný	strict
popřát	wish
princip	principle
otvor	opening
taktika	tactics
partnerka	Partner
kompromis	compromise
převážně	predominantly
všimnout	notice
třídní	class
podlaha	floor
indián	Indian
kocour	tomcat
rozdělení	distribution
urážet	insult
děs	dread
bitevní	Battleship
div	wonder
uskutečnit	implement
různý	different
matematika	mathematics
psychologie	psychology
přesvědčivý	convincing
připojení	connectivity
osvětlení	lighting
rosa	dew
radit	advise
spatřit	see
stánek	stand
podstata	nature
letošní	this year's
komora	chamber
motorka	motorbike
děvčátko	girl
dotáhnout	tighten
jogurt	yogurt
politik	politician
sprcha	shower
bytí	being
šedý	gray
puška	rifle
divit	wonder
kníže	prince
konečný	final
trestný	criminal
následně	then
vozit	carry
různě	different
rovnice	equation
poloha	location
povaha	nature
používání	use
účetnictví	bookkeeping
zpěvačka	singer
odpolední	afternoon
vnímání	perception
prudce	violently
uspět	Succeed
ordinace	surgery
napsaný	inscribed
epidemie	epidemic
pánev	pan
vloupat	burgle
dýchací	breathing
priorita	priority
výhradně	only
krmení	feeding
identifikace	identification
kostní	Bone
výprava	expedition
sanitka	ambulance
projevit	show
klinika	clinic
police	shelf
narazit	crash
čepel	blade
dosažení	attainment
osmdesát	eighty
náboj	charge
studijní	academic
služebná	maidservant
diplom	diploma
jizva	scar
průvod	parade
následek	result
unie	union
médium	medium
lebka	skull
stařec	old man
ukázka	Sample
postrádat	lack
přechod	transition
prapor	ensign
vesmírný	cosmic
komunita	community
architekt	architect
domek	house
pravdivý	true
sedmý	seventh
pronajmout	rent
kravata	tie
prkno	board
music	Music
dvojí	dual
komentář	comment
stříbrný	silver
vyjet	start
obžaloba	indictment
homosexuál	gay
užívání	usage
vyhledat	search
venkov	country
sdružení	association
nastavení	adjustment
brambor	potato
biologie	biology
zahájení	initiation
vykonat	perform
oprava	correction
kazit	spoil
darovat	donate
přehlídka	parade
průběh	course
brazílie	Brazil
titulní	title
zastupovat	represent
vytvářet	create
pomocník	assistant
současný	contemporary
čistit	clean
design	design
nálada	mood
rozdávat	give out
samec	male
poctivě	honestly
objasnit	clarify
příprava	preparation
miláček	sweetheart
dospět	grow up
zvedat	lift
tanečník	dancer
zlehka	gently
angličan	Englishman
laboratorní	Laboratory
vyšetřovací	Investigation
skutek	deed
obvod	circuit
špička	tip
přerušení	interruption
pozitivně	positively
zapadnout	bog down
panel	panel
univerzitní	university
poctivý	honest
malování	painting
cibule	onions
filozofie	philosophy
páteční	Friday
úvodní	opening
zelenina	vegetables
zápasit	wrestle
zkažený	corrupt
doutník	cigar
uprchnout	flee
muzikál	musical
asociace	association
hřeben	crest
rozhodování	decision
uzel	node
mrak	cloud
tabák	tobacco
kabelka	handbag
pracovník	worker
zpravodajství	coverage
pomyslet	think
monitor	monitor
tajemník	secretary
květina	flower
srazit	shrink
kontrakt	contract
převzetí	assumption
výkonný	executive
listí	Leaves
stěna	wall
rozbor	analysis
kontaktní	contact
medicína	medicine
mechanismus	mechanism
brada	chin
doporučit	recommend
uspokojení	satisfaction
městský	urban
panika	panic
porovnat	compare
definice	definition
zlikvidovat	dispose of
úzkost	anxiety
protest	protest
financování	funding
samice	female
poškodit	damage
posoudit	judge
dokazovat	argue
nejenže	Not only
švagr	brother in law
vyslat	dispatch
přestupek	offense
korporace	corporation
kryt	housing
dvojice	pair
sahat	reach
příliv	tide
výroba	production
španělsko	Spain
hrnec	pot
akční	action
vystavit	issue
objednávka	order
specialista	expert
pálit	fire
rejstřík	register
připomínka	reminder
nahrávat	record
náhrada	replacement
sucho	drought
aplikace	application
zapojení	involvement
podnikat	business
šikovný	handy
reaktor	reactor
přísahat	swear
košík	basket
blaho	welfare
prezentace	Presentation
vnímat	perceive
stromek	sapling
korupce	corruption
povzbudit	encourage
vlastnost	property
kreslit	draw
klimatizace	air conditioning
chřipka	flu
zapůsobit	impress
kasino	casino
sud	barrel
srovnávat	compare
předvádět	parade
posvátný	sacred
červ	worm
stýkat	consort
sepsat	write
tvořit	create
založený	founded
žhavý	ardent
vymýšlet	invent
dimenze	dimension
ponorka	submarine
hubený	thin
zřetelně	clear
předek	forefather
nadávat	scold
protáhnout	stretch
vánek	breeze
finančně	financially
stavba	building
semeno	seed
zajištění	ensuring
vychovat	bring up
hrabat	scrabble
rozšíření	extension
kašel	cough
šíření	spreading
mimořádný	extraordinary
biskup	bishop
koza	goat
zpáteční	return
zahradní	garden
zveřejnit	published
odjezd	departure
radioaktivní	radioactive
úprava	modification
narodit	born
úmysl	intent
slovník	dictionary
dopřát	afford
cožpak	Had
členství	membership
nátlak	compulsion
oblékat	dress
němec	German
vyložit	unload
převést	Convert
laser	laser
lednice	fridge
podnikatel	businessman
kolečko	wheelbarrow
soupeř	rival
vyhnat	expel
obsluha	operation
umělecký	artistic
přihlížet	stand by
lupič	robber
dění	events
udržení	retention
ústav	institute
zvěř	animals
finální	final
revolver	revolver
server	Server
dostatečný	sufficient
oříšek	nut
seminář	workshop
zranitelný	vulnerable
líný	lazy
virtuální	virtual
primární	primary
nasazení	use
hájit	defend
zneužití	abuse
návod	instruction
omezený	limited
bombardování	bombing
nezájem	lack of interest
klacek	stick
učebnice	textbook
melodie	melody
prvek	element
odebrat	take
děsit	scare
devadesát	ninety
alergie	allergy
story	story
inspirace	inspiration
okolní	surrounding
celoživotní	lifelong
vyznání	confession
počáteční	initial
chvála	praise
třást	shake
prorok	prophet
zpracovat	process
snížení	reduction
doplnit	refill
sedmdesát	seventy
narušit	disrupt
angličtina	English
instituce	institution
logicky	logically
přízeň	goodwill
chodník	walkway
kolekce	collection
mentální	mental
verdikt	verdict
válet	lol
dobrovolník	volunteer
zvětšit	enlarge
samozřejmost	obviousness
rus	rus
vzpoura	insurgency
koupat	bathe
palubní	board
hrací	playing
zářící	gleaming
herectví	acting
padák	parachute
poučit	enlighten
řetězec	String
chlupatý	hairy
poškozený	Corrupted
pronájem	lease
měkký	soft
zvaný	known
dozor	supervision
zábradlí	railing
přeměnit	convert
obtíž	difficulty
křesťan	Christian
žaloba	action
vršek	top
pouť	pilgrimage
měření	measurement
pětka	fiver
rozesmát	laugh
technický	technological
vyhlásit	announce
zaměstnat	employ
experimentální	experimental
udat	state
obléknout	clothe
čára	line
božský	divine
bezmocný	helpless
univerzální	universal
přijímání	communion
síň	hall
překvapeně	surprise
poprava	execution
prázdno	void
zasloužit	deserve
hostitel	host
ekonomika	economy
rvát	rend
vědomě	consciously
struktura	structure
akceptovat	accept
senzace	sensation
působivý	impressive
bystrý	bright
baterka	flashlight
pozvánka	invitation card
obviněný	defendant
zpracování	treatment
sval	muscle
objevovat	discover
potlačit	suppress
choroba	disease
náhodný	random
odstoupit	resign
raněný	Hurt
předpověď	forecast
licence	license
tažení	campaign
spící	asleep
zaklepat	knock
přispět	contribute
zachování	conservation
částečný	partial
zátěž	ballast
plod	fetus
zbláznit	crazy
nervový	nervous
zkušený	experienced
výrazně	distinctly
rodný	home
minout	overpass
dobrota	goodness
stručně	concisely
sestavit	assemble
rostoucí	growing
určení	designation
chápání	understanding
penze	pension
vytočit	dial
nadechnout	breathe
vítězný	winning
identita	identity
gravitační	Gravitational
vyrůst	grow
hospodyně	housekeeper
nákupní	shopping
vyvolený	Chosen
kilometr	kilometer
utkání	match
počty	figures
institut	institute
křeč	cramp
současnost	present
řezat	cut
dodavatel	contractor
ječet	yell
letecký	air
příjezd	arrival
zahradník	gardener
bankéř	banker
omezit	limit
naléhavý	urgent
výstava	exhibition
postavený	built
řetízek	chain
řev	roar
kavárna	cafe
strhnout	tear down
faktor	factor
centrála	headquarters
elitní	crack
skládat	compose
zábavní	Entertainment
dilema	dilemma
obvyklý	usual
italský	Italian
trup	hull
sympatie	sympathy
herní	Gaming
podílet	share
plátno	screen
republika	republic
ubrousek	doily
atentát	assassination
zásobník	magazine
vyčítat	reproach
katolík	Catholic
der	der
diskuse	debate
zápis	writing
manželský	married
hrdinka	heroine
kohoutek	withers
žába	frog
nit	thread
ala	ala
překážka	hurdle
neschopnost	inability
úřední	official
vrata	gate
shánět	hunt for
racionální	rational
klášter	monastery
prolomit	break
slanina	bacon
magický	magic
namalovat	paint
vraždit	murder
vyskočit	jump
orgán	organ
zvítězit	win
volnost	freedom
vlastník	owner
lampa	lamp
nervózně	nervously
židovský	Jewish
vyhrávat	winning
velvyslanectví	embassy
analyzovat	analyze
sovětský	Soviet
větev	branch
jiskra	sparkle
hlasitý	loud
hasič	fireman
pánbůh	God
hrom	thunder
spojka	clutch
široký	wide
výroční	annual
kytara	guitar
všeobecně	universally
číňan	Chinese
šach	shah
veterán	veteran
loket	elbow
spontánní	spontaneous
označit	mark
celebrita	celebrity
záře	glow
vzdálený	remote
nacpat	cram
povolit	permit
jistota	certainty
domácnost	household
ropa	oil
vzrušený	excited
pramen	source
žák	pupil
středně	moderate
pořádat	hold
politicky	politically
plout	sail
japonský	Japanese
ostře	sharply
spojenec	ally
bojový	fighting
šťáva	juice
psycholog	psychologist
zavírat	close
ústní	oral
letoun	airplane
přehlédnout	overlook
kupodivu	oddly enough
lůžko	bed
dojet	reach
muzikant	musician
móda	fashion
splést	confuse
schválení	approval
hle	lo
dalekohled	binoculars
venkovní	outdoor
nadšeně	enthusiastically
marně	in vain
rozeznat	discern
logika	logic
kyselina	acid
dom	house
podoba	shape
spisovatelka	authoress
střelný	gun
chodba	corridor
obstarat	purchase
vízum	visa
motto	motto
akutní	acute
dělník	worker
křesťanství	Christianity
odsouzený	convicted
es	ES
dokonalost	perfection
městečko	town
koruna	crown
okres	county
částka	sum
spekulace	speculation
uspokojit	satisfy
mráz	frost
pobíhat	run about
nárůst	increase
rum	rum
sklon	slope
nepřátelství	hostility
zpochybňovat	question
nabitý	loaded
vyhledávání	search
nalít	infuse
vysílačka	transmitter
zvládat	cope
morálka	morality
prorazit	break through
hala	hall
sjet	snub
sekvence	sequence
vévodkyně	duchess
kontejner	container
kapitál	capital
dobýt	conquer
střevo	intestine
radnice	town hall
svaz	union
impuls	impulse
formálně	formally
vrhnout	cast
azyl	asylum
revoluční	revolutionary
prosadit	enforce
zkoumání	exploration
rozpoznat	distinguish
biologický	biological
přízrak	wraith
podmínka	condition
vyvádět	carry on
známost	acquaintance
zařadit	classify
školení	Training
dynastie	dynasty
charita	charity
tvůrce	creator
obnovení	restoration
stálý	stable
relativně	comparatively
založení	foundation
zaměření	focus
havárie	crash
zhasnout	fizzle out
vynést	bring
car	tsar
klín	wedge
stýskat	homesick
standard	standard
obhajovat	advocate
vnitřek	interior
tmavý	dark
práh	threshold
požadovat	demand
transakce	transaction
chlubit	flaunt
prohra	loss
žár	blaze
obr	giant
spokojeně	happily
vyplatit	pay off
bříško	tummy
partie	game
páka	lever
bydliště	residence
letectvo	air force
uspořádání	arrangement
otevírat	opening
verš	verse
bláto	mud
bouda	booth
informační	Information
individuální	individual
pěstovat	grow
obsazení	cast
trestat	punish
orchestr	orchestra
hostina	feast
česnek	garlic
prohlásit	declare
znalost	knowledge
jelen	deer
protivník	adversary
velkolepý	magnificent
dočasný	temporary
komerční	commercial
stojící	standing
vypálit	burn
hraběnka	countess
stanovisko	opinion
obálka	cover
budit	draw
pojišťovna	Insurance
chlad	coldness
délka	length
die	die
konzervativní	conservative
kaple	chapel
moucha	fly
husa	goose
bedna	crate
východisko	starting point
rybář	fisherman
zvonit	ring
šlapat	tread
převod	transfer
vyrobený	made
pozorovatel	observer
nabrat	gather
hotelový	hotel
ponořit	dip
extáze	ecstasy
tabule	blackboard
shromáždit	gather
těsto	dough
kupec	buyer
pohodlný	comfortable
vyvinout	evolve
ošetřit	treat
milionář	millionaire
sonda	probe
beton	concrete
předložit	submit
stíhání	pursuit
důvěrně	familiarly
lesk	sheen
úvěr	credit
motivace	motivation
investiční	Investment
leč	however
pokrýt	cover
tetička	auntie
hlavice	capital
usilovně	hard
rovnováha	balance
stovka	hundred
stolek	table
filtr	filter
definitivní	final
odtáhnout	tow
vznešený	noble
zkrátit	shorten
objektivní	objective
telefonovat	telephone
odporovat	resist
formace	formation
vyhazovat	throw away
sportovec	athlete
výjimka	exception
posudek	opinion
kritizovat	criticize
rozdrtit	crush
pečivo	pastry
konstrukce	structure
krajina	landscape
jedovatý	toxic
cela	cell
celostátní	nationwide
přátelsky	in a friendly way
padající	falling
chata	cottage
čelní	frontal
smečka	pack
šetření	investigation
děj	action
vědění	knowledge
nepřetržitě	continuously
prvotní	prime
vzdělávání	education
profese	profession
červenec	July
ohnivý	fiery
vybuchnout	explode
diagnóza	diagnosis
play	Play
zázračný	miraculous
nakreslit	draw
terén	terrain
pepř	pepper
amatér	amateur
minimum	minimum
porada	conference
plicní	pulmonary
motýl	butterfly
pokles	drop
stvořit	create
napodobit	imitate
vyhlášení	promulgation
zabezpečit	secure
květ	flower
všímat	notice
senát	senate
dvorek	yard
pokyn	instruction
zdravotník	medic
kemp	camp
manipulace	manipulation
trhlina	rift
vodit	walk
rostlina	plant
pekelný	infernal
napjatý	tight
komentovat	comment
seriózní	serious
zastihnout	catch
mexický	Mexican
port	port
útěcha	consolation
opera	opera
demonstrace	demonstration
spolknout	swallow
zdravotnictví	Health
boční	side
zářit	shine
posun	shift
přejet	run over
výslovně	expressly
nájemné	rent
násilný	violent
červen	June
zdánlivě	ostensibly
čekající	waiting
opakování	repetition
devatenáct	nineteen
opouštět	leaving
stanovit	fix
záruka	warranty
bezvýznamný	meaningless
pokládat	deem
hvězdný	sidereal
dramatický	dramatic
jídelna	dining room
životně	vitally
kazeta	cassette
zavazadlo	luggage
bezprostřední	close
vězeňský	prison
jehla	needle
popírat	deny
výjimečně	exceptionally
šunka	ham
vykonávat	exercise
vášnivý	passionate
irák	Iraq
říjen	October
útes	reef
pouzdro	housing
křehký	brittle
obsadit	occupy
předpoklad	assumption
des	des
závoj	veil
vrátný	porter
trubka	trumpet
zaměstnavatel	employer
krabička	box
pronést	interject
odradit	discourage
šampionát	Championships
případně	possibly
zahřát	warm
propast	abyss
obývák	living room
přistoupit	accede
ryzí	genuine
zdvořile	courteously
zaskočit	focus
porce	serving
proběhnout	run through
sázet	bet
svítit	shine
železniční	railway
dařit	thrive
pečovat	care
dokořán	wide open
zlomek	fraction
razítko	stamp
vyvíjet	develop
schéma	scheme
rozvoj	development
řádek	line
panák	stooge
vlézt	crawl in
včela	bee
demo	demo
komplexní	complex
odtrhnout	tear off
muka	anguish
nežli	than
izolace	isolation
buňka	cell
stisknout	press
schválit	approve
srdečně	heartily
obránce	defender
procento	percent
přijímací	Drawing
blížící	approaching
odeslat	send
domovní	residential
vycházející	rising
náhlý	sudden
mediální	Media
přesvědčivě	convincingly
zakázat	prohibit
listopad	November
lžíce	spoon
postranní	side
odjíždět	leave
sedící	sitting
roztok	solution
debata	debate
sloup	column
předejít	prevent
psací	Writing
hadice	hose
svit	shine
modlitba	prayer
zakázaný	prohibited
podívaná	sight
dominantní	dominant
přínos	benefit
úsek	section
obranný	defensive
mírný	moderate
přivolat	call
ošetření	treatment
přitažlivost	attraction
ovocný	fruity
historický	historical
kohout	rooster
zmírnit	relieve
ulevit	unburden
zemědělství	agriculture
levně	cheaply
onen	that
stárnutí	aging
vlákno	fiber
počít	conceive
působení	action
tisíciletí	millennium
umělý	artificial
svléknout	undress
neúspěch	failure
klíčový	key
zapomínat	forget
svázat	tie
foto	Photo
měřit	gauge
osmý	eighth
nýbrž	but
namluvit	tell
očkování	vaccination
výpis	listing
posloužit	serve
vybavit	equip
idol	heartthrob
parlament	parliament
úvod	introduction
sada	set
opřít	rest
vysadit	land
interní	internal
fyzika	physics
rekonstrukce	reconstruction
pozoruhodný	remarkable
sedlo	saddle
nosní	nasal
důsledek	consequence
provincie	province
nadaný	gifted
velkorysý	generous
mojžíš	Moses
laciný	cheap
barevný	color
management	management
mávat	wave
navenek	externally
zakladatel	founder
kterýkoliv	either
sváteční	Festive
prodloužení	extension
něžný	affectionate
květen	May
počátek	beginning
velikonoce	Easter
houba	fungus
nástupce	successor
chytnout	catch
důležitost	importance
protestovat	protest
železný	Iron
vrstva	layer
procedura	procedure
doprovázet	accompany
zarazit	stop
doklad	document
ochotně	willingly
předsedkyně	chairwoman
posílit	strengthen
vesele	happily
holub	pigeon
intelektuální	intellectual
zavázat	tie
bič	whip
náramně	enormously
popadnout	grab
vytváření	creation
rota	company
majitelka	proprietress
poněvadž	because
dres	jersey
skončení	completion
organismus	organism
opravovat	repair
pokuta	fine
centimetr	centimeter
milosrdný	merciful
hmotnost	weight
hledět	look
střet	clash
duben	April
zrychlit	accelerate
zorganizovat	organize
správa	management
ubránit	help
terorismus	terrorism
leccos	many things
masový	mass
poradenství	counseling
nebeský	heavenly
uvedení	introduction
nova	nova
hejno	covey
odškodnění	compensation
přičemž	while
deka	blanket
výtvor	creation
činit	do
celek	complex
pozorný	attentive
marihuana	marijuana
budovat	construct
císařský	imperial
nezaměstnaný	unemployed
uchovat	preserve
energetický	Energy
odstavec	section
splnění	fulfillment
přitáhnout	tighten
oblak	cloud
leták	flyer
bledý	pale
tekutina	fluid
probíhat	take place
vlhkost	humidity
hospoda	pub
remíza	draw
otáčet	rotate
ohromit	astound
stíhat	pursue
kritický	critical
obdiv	admiration
kráčet	stride
syrový	raw
svíčka	candle
obdivovat	admire
vana	bathtub
změřit	measure
pól	pole
hadr	rag
motat	wind up
stoupat	rise
praktický	practical
genetický	genetic
pracovnice	employee
oděv	clothing
zlomenina	fracture
kořen	root
milovník	lover
těžit	profit
kamení	rocks
plac	plac
jaderný	nuclear
odvrátit	divert
ochranný	protective
církevní	church
turista	hiker
potřebný	required
nákaza	infection
ředitelství	directorate
hrubě	roughly
poražený	defeated
stávka	strike
vyžadovat	require
vyrovnaný	balanced
dopravit	convey
potomek	descendant
sdělení	communication
řádný	proper
záchranka	ambulance
norma	standard
vyvést	Remove
odvětví	branch
fenomén	phenomenon
podobnost	similarity
celkový	overall
harmonie	harmony
soudruh	comrade
rozčilovat	exasperate
vyzvat	invite
drobnost	trifle
pohoří	Mountains
part	part
bahno	mud
farář	parson
rozhraní	interface
podzimní	autumnal
palba	fire
silniční	road
ovlivňovat	influence
oslovit	address
literární	literary
vznést	raise
konání	holding
poznávat	recognize
vyhovět	comply
fotoaparát	camera
ponechat	leave
roztrhat	tear
řecký	Greek
citovat	quote
úděl	lot
nabízet	offer
ohled	respect
zhoršit	worsen
uměle	artificially
sloupek	column
družstvo	cooperative
tupý	edgeless
obsluhovat	operate
pilně	diligently
úkor	expense
stoupnout	rise
líčení	description
zasvětit	consecrate
teroristický	terrorist
inspirovat	inspire
dýka	dagger
výtisk	copy
zaměstnaný	employed
zvířátko	little animal
sponzor	sponsor
trvale	permanently
samostatně	independently
nastupovat	all aboard
hustě	thick
zpětný	reverse
sklizeň	harvest
povědomí	awareness
převézt	transport
dovézt	deliver
výplata	paycheck
kanada	Canada
přihodit	come
dovolený	allowable
zatěžovat	burden
uhodit	hit
divoce	wildly
jev	is in
pomeranč	orange
placený	paid
prosinec	December
salón	salon
nález	finding
kaplan	chaplain
vzdělaný	educated
prso	breast
zdůraznit	emphasize
mg	mg
kontroverzní	controversial
bohatě	richly
přívod	intake
výkřik	outcry
vous	hair
zkáza	destruction
vycítit	feel
podrobně	in detail
proslulý	renowned
objímat	hugging
reálný	real
nahlédnout	insight
dostupný	available
srpen	August
vklad	deposit
prožívat	experience
šperk	jewel
uvědomovat	realize
disciplína	discipline
taktický	tactical
rabín	rabbi
přesvědčovat	persuading
začínající	beginning
reflex	reflex
plnění	performance
tvůrčí	creative
porodit	give birth
nehet	fingernail
kdesi	where are you
rozkoš	delight
platba	payment
koupě	purchase
rovný	straight
nerv	nerve
oslovovat	address
knižní	bookish
námět	theme
parní	steam
klika	handle
obtížný	difficult
mlýn	mill
zavěsit	hang
oxid	oxide
rovnat	match
hlína	clay
dřít	rub
peněžní	cash
obecenstvo	audience
občanství	citizenship
mužstvo	team
pluk	regiment
porážka	defeat
teritorium	territory
narážka	cue
psychologický	psychological
nastat	come
domeček	house
písemně	writing
slavnostně	solemnly
lámat	break
šofér	chauffeur
předchůdce	predecessor
vzdušný	airy
hraniční	border
nemovitost	property
samota	solitude
zdali	whether
výrobní	manufacturing
třetina	third
bubeník	drummer
desátý	tenth
oběh	circulation
hrobka	tomb
triumf	triumph
přednáška	lecture
koncentrace	concentration
spása	salvation
uvolněný	loose
skupinka	cluster
březen	March
hloubka	depth
váhat	hesitate
odrazit	fend off
zvát	invite
polední	midday
fiktivní	fictive
budování	building
kopnout	kick
malba	painting
přesnost	accuracy
plavba	cruise
naplnění	fulfillment
podepsaný	signed
kritika	criticism
půjčka	loan
muslim	Muslim
katalog	catalog
zesnulý	deceased
sporák	cooker
vývar	broth
jedinec	individual
polsko	Polish
dusit	suffocate
jihovýchodní	southeast
úcta	esteem
dlaň	palm
pult	counter
prohodit	interject
cola	cola
šaman	shaman
radovat	rejoice
mandle	almonds
ústí	mouth
paradox	paradox
vír	swirl
operátor	operator
vzdávat	give up
zaplnit	fill
krb	fireplace
znalec	expert
získávání	acquisition
pára	steam
hospodin	LORD
žaludeční	gastric
editor	editor
mládenec	youngster
torpédo	torpedo
důrazně	emphatically
daný	given
přirozenost	nature
magazín	magazine
dvířka	door
provdat	marry
odsoudit	convict
zuřit	rage
spálený	burnt
paluba	deck
devátý	ninth
kancléř	Chancellor
pokrytý	covered
odstín	hue
závěs	curtain
nádvoří	courtyard
pracoviště	workplace
vydavatel	publisher
golfový	golf
bába	old woman
pěna	foam
rozvíjet	develop
upustit	waived
tenký	thin
všední	everyday
hlavička	header
položka	item
selhat	fail
veselí	cheerfulness
oranžový	orange
určený	intended
jízdní	mounted
kout	nook
vzniknout	arise
málokdo	hardly anybody
lázeň	bath
postižený	afflicted
fungující	functional
sopka	volcano
zastavovat	stop
výchova	education
římský	Roman
okamžitý	instant
pojetí	conception
daňový	tax
inspekce	inspection
hnát	drive
žebro	rib
miska	bowl
užití	use
zmocnit	empower
vypravěč	Narrator
mše	service
otvírat	opening
projednat	discuss
preventivní	preventive
sympatický	likable
límec	collar
střídat	alternate
ocet	vinegar
organizovaný	organized
logický	logical
chopit	seize
statek	farmhouse
pochybnost	question
ujet	cover
fotbalista	footballer
poučení	enlightenment
skladba	composition
srst	fur
indický	Indian
komunista	Communist
zázemí	rear
zásluha	merit
vzdělávací	educational
ubytovat	house
památka	monument
pravidelný	regular
španělský	Spanish
otcův	his father
náplň	filling
liberální	liberal
opatrnost	caution
vyhovovat	suit
tuhý	tough
docházet	come
přepravní	Transportation
tragický	tragic
vepřový	pork
závažný	serious
prodloužit	extend
rámec	framework
maličko	little
mozkový	cerebral
ovzduší	air
justice	judiciary
sjednocení	unification
kousat	bite
prázdnota	void
jeřáb	crane
vlhký	wet
koupání	bathing
úlomek	fragment
pasažér	passenger
kouč	Coach
hráz	dam
usilovat	seek
takřka	almost
trojice	threesome
odemknout	unlock
zasadit	implant
lokální	local
prodejní	sales
něžně	tenderly
garda	guard
přístupový	Access
šroub	bolt
komentátor	commentator
rozebrat	dismantle
jindřich	Henry
toaleta	toilet
nadcházející	coming
atrakce	attraction
probíhající	ongoing
vítaný	welcome
relativní	relative
plechovka	tin
vysvědčení	certificate
dědek	dědek
kvalifikovaný	qualified
papoušek	parrot
smyčka	loop
financovat	fund
kotel	boiler
zásadně	basically
trvalý	permanent
podstatný	significant
potřást	shake
platný	valid
konto	account
přitažlivý	attractive
dub	oak
vystavovat	exhibit
zmiňovat	alluding
kovový	metal
terminál	terminal
opona	curtain
přepadnout	swoop
vražedný	murder
sběratel	collector
specifický	specific
vazba	connection
odklad	reprieve
pobočka	branch
studna	well
klesnout	drop
trasa	itinerary
éra	era
stud	shame
časově	time
lože	bed
porušování	violations
produkovat	produce
zahnat	fight off
hlaveň	barrel
tamní	local
strašlivý	dreadful
vzestup	rise
zajíc	hare
široko	wide
opar	haze
sešit	notebook
půvab	gracefulness
podstatně	substantially
senior	senior
užitek	benefit
vtrhnout	invade
plátek	slice
společensky	socially
registrovaný	registered
důstojně	dignity
obsahovat	contain
výrobek	product
křest	baptism
tentýž	same
ledovec	glacier
vydechnout	breathe out
výzbroj	equipment
atlet	athlete
irský	Irish
hudebník	musician
ctnost	virtue
atom	atom
použitý	used
sčítání	summing up
dovednost	skill
líza	Lisa
fúze	merger
unášet	abduct
vášnivě	heatedly
útvar	formation
cigareta	cigarette
kontinent	continent
mrzet	vex
pec	furnace
pasivní	passive
schod	step
poskytovat	provide
analytik	analyst
šeptat	whisper
zesílit	intensify
takzvaný	so-called
huba	mouth
skladatel	composer
výdělek	earnings
dialog	dialogue
obsahující	contains
ústřední	central
kritik	critic
poznamenat	note
vyjadřovat	express
rám	frame
rybička	tiddler
administrativní	administrative
upoutat	captivate
čtvrtletí	quarter
dramaticky	dramatically
siréna	siren
dřevěný	wooden
dlužit	owe
meditace	Meditation
postižení	infliction
důraz	emphasis
moderátor	moderator
dlouhodobě	long term
svolat	convene
němý	speechless
buben	drum
balkón	balcony
spokojit	settle
ohlas	response
aktivně	actively
úraz	accident
podrobit	undergo
kytka	flower
krejčí	tailor
překročení	crossing
souviset	related
vyznat	profess
nádoba	vessel
poptávka	demand
přenášet	transfer
tmavě	Dark
vystupování	manner
trhat	pluck
dodávat	deliver
střetnutí	engagement
příslib	promise
klima	climate
kostra	skeleton
vir	Virus
stodola	barn
soustředěný	intent
odhodit	discard
provozovat	run
kresba	drawing
vodopád	waterfall
popíjet	sup
ospalý	sleepy
zadání	task
vzlétnout	lift off
členka	Member
znečištění	pollution
semínko	seed
džbán	pitcher
citlivost	sensitivity
sad	park
chemický	chemical
štěkat	bark
propadnout	fail
dlouhodobý	long-term
spojovat	splice
idea	idea
soustava	system
náležitě	properly
vyšplhat	climb up
oltář	altar
mezera	space
podnět	stimulus
památník	memorial
alternativa	alternative
filozof	philosopher
sluchátko	earphone
šelma	beast
hrabal	rummaged
delegace	delegation
křižník	cruiser
vytvořený	created
chráněný	protected
pasáž	passage
zaznamenat	record
jmenování	appointment
třebaže	although
rajče	tomato
přísun	feed
dieta	diet
mistrovský	masterful
hostinec	inn
svádět	tempt
závěrečný	final
marný	futile
sleva	discount
ml	ml
suma	sum
domněnka	assumption
zajatec	prisoner
obydlí	dwelling
brzda	brake
fialový	violet
zobrazení	display
spravovat	manage
upravený	adapted
írán	Iran
leden	January
školství	education
rozměr	dimension
ret	lip
marketing	marketing
řecko	Greece
vyletět	fly out
časně	early
ozvěna	echo
soužití	cohabitation
absence	absence
pocítit	experience
stehno	thigh
útočný	offensive
pasta	paste
automobil	car
úzce	closely
stručný	brief
zatáčka	turn
komplikovat	complicate
utéci	flee
slabě	faintly
přilákat	Attract
podvozek	chassis
guma	gum
nečekaný	unexpected
nutnost	need
úzký	narrow
strava	diet
kdežto	while
sklenička	glass
odezva	response
tekutý	liquid
ležící	lying
šatna	cloakroom
plachý	shy
dým	smoke
prominout	pardon
novina	news
běžec	runner
míra	degree
zásobování	supply
poslušnost	obedience
blokovat	block
hodnotit	judge
náboženský	religious
dlouze	long
zadat	enter
potit	perspire
utřít	wipe
sjezd	downhill
mateřský	maternal
shořet	burn
nezbytný	necessary
projekce	Projection
zastoupení	representation
kočárek	stroller
lavice	bench
zlepšovat	improving
únor	February
směrnice	directive
horský	mountain
organizovat	organize
důkladný	thorough
prestižní	prestigious
pěstování	cultivation
pyramida	pyramid
archiv	archives
zrnko	grain
humanitární	humanitarian
profesní	Professional
připsat	ascribe
prohlížet	view
vázat	bond
odborný	expert
zvýšený	increased
šlechtic	nobleman
dostavit	arrive
reprezentovat	represent
odboj	revolt
prudký	sharp
střešní	Roof
summit	summit
nynější	present
personální	Human Resources
optimismus	optimism
zjišťovat	identify
desítka	ten
takovýto	such
průměrně	average
favorit	favorite
pumpa	pump
umožnit	enable
atlas	atlas
efektivně	effectively
tolerance	tolerance
zpod	from beneath
návštěvník	visitor
step	steppe
konkurenční	competitive
uznávaný	recognized
oživení	revival
zprvu	initially
rozpustit	dissolve
odmítat	reject
pohybující	Moving
prostěradlo	sheet
udělit	grant
místy	in places
únava	fatigue
odolný	resistant
náměstek	deputy
zatočit	turn
dcerka	daughter
mísa	bowl
úrok	interest
nával	rush
gumový	rubber
postoupit	to advance
nájemník	tenant
mléčný	dairy
automatický	automatic
záminka	excuse
spolupracovník	co-worker
nepříjemnost	unpleasantness
venkovský	country
bariéra	barrier
potok	creek
vada	defect
příjemce	recipient
špičkový	top
bída	misery
zralý	mature
zdvojnásobit	double
opozice	Opposition
literatura	literature
stolní	table
pěší	pedestrian
figurka	figurine
úpadek	bankruptcy
úloha	role
kulatý	round
odkládat	procrastinate
dvorní	court
ukradnout	steal
nominace	nominations
rozsvítit	switch on
zmenšit	shrink
prosba	plea
vytrhnout	rip
semifinále	semifinal
důvěrný	confidential
štítek	label
registrace	registration
sekundární	secondary
toužit	yearn
nařídit	order
stezka	trail
výbava	gear
cholesterol	Cholesterol
vzpamatovat	recover
projíždět	drive through
závodník	racer
koloniální	colonial
povstat	rise
ořech	nut
hladký	smooth
křesťanský	Christian
šum	noise
page	page
zajímavost	attraction
patřící	belonging
elektronický	electronic
konkurs	bankruptcy
projevovat	show
klesat	decline
kostka	cube
kdosi	Who are you
rukáv	sleeve
přitahovat	attract
pata	heel
věru	Indeed
pud	instinct
komín	chimney
diplomat	diplomat
zveřejnění	disclosure
vyvolávat	give rise to
pruh	streak
bulvár	boulevard
objem	volume
průběžně	regularly
zčásti	partly
pomocný	assistant
nitro	heart
starostka	mayoress
plocha	area
řemeslo	craft
zřejmý	clear
ohrožený	Endangered
vtom	in it
aspekt	aspect
toxický	toxic
povolat	call
potrava	aliment
vyplout	sail
zasmát	laugh
chybný	wrong
rozlišení	distinction
nakládat	deal
okupace	occupation
utkat	fight
papírový	papery
arab	Arab
afghánistán	Afghanistan
obhájit	uphold
brigáda	brigade
pokorný	lowly
investor	investor
šachta	shaft
dámský	lady's
tendence	trend
přenosný	portable
výklad	interpretation
údržba	maintenance
pocházet	originate
výtečný	exquisite
nábřeží	embankment
vznášet	float
nasednout	remount
ujmout	take
distribuce	distribution
hrst	handful
publikovat	publish
produktivní	Productive
postávat	hang around
rezignovat	resign
odbor	department
vařící	boiling
hnojivo	manure
sousední	neighboring
borovice	pine
perla	pearl
bankrot	bankruptcy
kanalizace	canalization
křížek	cross
uchránit	protect
celní	customs
těhotný	pregnant
jáma	pit
obracet	turn
náhrobek	tombstone
trpělivě	patiently
ambasáda	embassy
směřovat	lead
regionální	regional
účinný	effective
příručka	handbook
kovář	smith
posouzení	assessment
dánsko	Denmark
opačný	reverse
získávat	gain
elita	elite
přehlížet	disregard
napadat	challenge
pozvednout	raise
prvý	first
rozlišit	distinguish
posílení	strengthening
rušný	eventful
indiánský	Indian
etapa	phase
kanadský	Canadian
srážka	crash
slůvko	word
tužka	pencil
příkop	ditch
ústavní	constitutional
lyže	skis
varovný	warning
čerpací	pumping
toulat	Roam
fyzikální	physical
trvání	duration
světelný	light
švýcarsko	Switzerland
příplatek	surcharge
světlý	light
vzájemný	mutual
chirurgický	surgical
vládnoucí	ruling
váza	vase
sr	SR
chudoba	poverty
lóže	lodge
miniaturní	miniature
honorář	fee
matčin	his mother
vhodně	appropriately
související	Related
republikán	republican
doplněk	supplement
vystřídat	relieve
tržní	market
kůra	peel
závidět	envy
rozklad	decomposition
upřesnit	specify
dotace	grant
ušlechtilý	noble
předčasný	premature
vypracovat	develop
přehodit	throw
kráter	crater
čtverec	square
pětadvacet	Twenty-five
tepna	artery
benátky	Venice
předák	foreman
potýkat	contend
uchopit	grasp
prezentovat	present
definovat	define
rozpoutat	unleash
nosič	carrier
tenhleten	this one
úpatí	foot
prodavačka	saleswoman
utrhnout	pluck
zařazení	inclusion
zvyšovat	increase
viník	culprit
ňadra	bosom
ucházet	bid
sloužící	serving
letenka	ticket
ledvina	kidney
předávat	forward
dbát	heed
spolužák	classmate
stavitel	builder
posuzovat	judge
školka	kindergarten
rybník	pond
nesmyslný	pointless
internetový	web
pneumatika	tire
pokrm	dish
vrch	hill
skotský	Scottish
formule	formula
žárovka	bulb
sebevědomý	self-confident
dosavadní	existing
usnadnit	facilitate
propaganda	propaganda
vkročit	walk in
lékárna	pharmacy
úroda	crop
záliv	gulf
rys	feature
hlučný	noisy
čtvrtina	quarter
kvalifikace	qualification
branže	branch
bit	bit
jízdenka	ticket
obrazovka	screen
čajový	tea
dožít	live
zapisovat	enter
přiletět	come in
uplatnit	enforce
jas	brightness
zmrzlý	frozen
chystat	prepare
nakladatelství	publishing house
účastník	participant
dotyčný	in question
veronika	veronika
uvidět	see
graf	graph
křižovatka	intersection
zřídit	establish
upadnout	fall
shodnout	agree
posluchač	listener
šlápnout	tread
zahrnovat	comprise
prostranství	space
zastupitelství	Prosecution
propojit	link
skalní	rock
kolektivní	collective
zástup	crowd
ohrožovat	threaten
labyrint	labyrinth
záchranář	Rescuer
audit	audit
argumentovat	argue
vila	villa
výchozí	Default
stojan	easel
plastický	plastic
elektrárna	power station
areál	grounds
rovnost	equality
světec	saint
dusík	nitrogen
plošina	platform
samička	female
poutník	pilgrim
vyklouznout	slip out
koňský	equine
zazvonit	ring the bell
rozmezí	between
značný	sizable
dálkový	remote
přidávat	add
miliarda	billion
neustálý	unceasing
exemplář	specimen
zaměřený	focused
dělení	division
sekera	ax
kapsa	pocket
pochválit	commended
přinášet	bring
občanský	civil
dodržování	compliance
brambora	spud
tenisový	tennis
psychický	psychic
vážnost	seriousness
stávat	become
tučný	bold
donedávna	Until recently,
výnos	return
trend	trend
nevyhnutelný	inevitable
redakce	editorial staff
mez	limit
výbušnina	explosive
přeměna	conversion
jeruzalém	Jerusalem
horizont	horizon
přehnaný	exaggerated
ekonomie	economics
čistota	cleanliness
autorita	authority
absolvovat	graduate
element	element
atlantik	Atlantic
zvolna	slowly
zesilovač	amplifier
bolestivý	painful
způsobovat	cause
překládat	translate
stahovat	download
zastánce	exponent
pakt	pact
výrok	verdict
poukázat	refer
pravděpodobný	likely
závada	fault
vznik	formation
choť	consort
špetka	whit
fungování	functioning
tehdejší	then
probouzet	wake
podřídit	subordinate
vyjmout	remove
kytarista	Guitarist
foukat	blow
naplněný	replete
pozemský	earthly
proudit	flow
rybářský	Fisheries
obyvatelstvo	population
odstartovat	start
hypotéza	hypothesis
pásmo	zone
zmlknout	shut up
kožený	leather
zájemce	candidates
směle	boldly
pohltit	swallow
konvenční	conventional
bušit	throb
namáhat	strain
nacista	Nazi
zahrnout	include
motocykl	motorcycle
vteřina	second
ms	MS
slaný	briny
podnebí	climate
hormon	hormone
hrot	tip
rozpadat	crumble
lhostejný	indifferent
cihla	brick
dovědět	learn
trn	thorn
žíla	vein
opatřit	provide
spekulovat	speculate
střežit	guard
koutek	corner
vpadnout	raid
pracovna	study
žádoucí	desirable
matematický	mathematical
lhůta	deadline
tržiště	market
okénko	window
výzkumný	Research
říční	fluvial
chemik	chemist
oblouk	arch
zdravotnický	health
důchodce	pensioner
ocelový	steel
pískat	whistle
lovecký	hunting
spektrum	spectrum
evropský	European
smetana	cream
jakož	and
označený	marked
proměna	transformation
komunismus	Communism
alžběta	Elizabeth
tradičně	traditionally
kuchyňský	cooking
ráz	nature
stávající	current
tramvaj	streetcar
vyhlídka	outlook
setkávat	meet
připojený	attached
vydávání	publishing
obecní	municipal
uhlík	carbon
prosazovat	assert
okouzlit	enrapture
hospodářství	economy
platnost	validity
zásada	principle
trpící	sufferers
šipka	arrow
napodobovat	imitate
vůdčí	leading
vypsat	list
povzbuzovat	invite
mouka	flour
vybojovat	to fight
vysokoškolský	academic
paragraf	paragraph
trvající	ongoing
podotknout	remark
rozšiřovat	circulate
čerpat	draw
smělý	bold
negativně	negative
francouzština	French
elegance	elegance
slušet	suit
omezovat	limit
pomník	monument
kamna	stove
listina	list
španěl	Spaniard
spokojenost	satisfaction
větrný	windy
hřbet	spine
šňůra	cord
soumrak	twilight
ideál	ideal
portfolio	Portfolio
erotický	erotic
směřující	pointing
naskočit	hop on
rozsáhlý	extensive
studentský	Student
každoročně	annually
přemoci	overwhelm
odpadní	Waste
tisknout	press
švédsko	Sweden
vinice	vineyard
vagón	wagon
konkurovat	compete
rekreační	recreational
koalice	coalition
hostinský	innkeeper
provozní	operating
učenec	scholar
shodovat	agree
znenadání	unawares
podplukovník	lieutenant colonel
plynový	gas
potkávat	meet
samostatný	separate
zbrojní	arms
ukazatel	pointer
křížový	cross
přibližovat	draw near
zuřivý	furious
chatrč	shack
povolený	allowed
zdolat	overpower
symfonie	symphony
poločas	half
rozvinout	develop
nejistota	uncertainty
vidlička	fork
terénní	landscaping
redaktor	editor
víčko	cover
rozložit	spread
narozený	born
eu	EU
zásoba	supply
přehrada	dam
františek	Pastille
prasknout	crack
zařízený	furnished
pečlivý	careful
vodík	hydrogen
uvádět	state
vzápětí	then
interiér	interior
vybudování	erection
zvukový	audible
historicky	historically
opodál	aloof
výstavní	exhibition
polák	Pole
příhoda	event
ludvík	Lewis
protein	protein
ondřej	Ondrej
věnec	wreath
popředí	foreground
výskyt	occurrence
podezírat	suspect
topit	stoke
aplikovat	apply
naznačovat	denote
prospěšný	rewarding
zhodnocení	appreciation
chutný	tasty
uzavírat	conclude
jugoslávie	Yugoslavia
uvítat	welcome
progresivní	progressive
nazvaný	called
protilátka	antibody
uživatel	user
mechanický	mechanical
blízkost	nearness
součet	sum
zánik	extinction
překvapivý	surprising
arcibiskup	archbishop
motivovat	motivate
obléci	dress
pohladit	stroke
intenzivně	heavily
rockový	rock
stíhačka	fighter
tabulka	table
externí	external
aféra	affair
zvolený	elected
nadělat	wreak
propojený	Linked
kapitalismus	capitalism
švédský	Swedish
divák	spectator
kytice	bouquet
ústava	constitution
balvan	boulder
pospíchat	rush
klouzat	slide
kabinet	cabinet
nápadný	noticeable
kroutit	writhe
duel	duel
namítat	object
platební	payment
obtížně	with difficulty
čtvereční	square
svíce	Candles
viditelně	visibly
čerpadlo	pump
kroužit	circle
dílna	workshop
zajištěný	catered
dozorčí	supervisory
africký	African
rekordní	record
obava	fear
naříkat	wail
hollywoodský	Hollywood
keř	bush
nakolik	how much
pojmenování	designation
ad	ad
utěšovat	comfort
převodovka	transmission
ekonomický	economic
mizet	disappear
rozpad	decay
organický	organic
pocházející	coming
citron	Lemon
kulička	bead
zaregistrovat	register
vypočítat	calculate
absolvent	graduate
prospět	benefit
ráchel	Rachel
překonání	overcome
tíha	heaviness
uhodnout	guess
nápor	onslaught
monopol	monopoly
vystačit	scrape by
vybraný	selected
namířit	point
shrnout	recap
využívání	exploitation
kopírovat	copy
veletrh	fair
optimální	optimum
posilovat	strengthen
mladistvý	youthful
vyvinutý	developed
provázet	go along
kontext	context
zářivý	radiant
existující	existing
abstraktní	abstract
důstojný	dignified
prevence	prevention
prales	virgin forest
slza	tear
pohovka	sofa
přízemní	ground
emise	emission
tělesný	physical
iniciativa	initiative
latina	Latin
odolnost	immunity
paprika	pepper
lahvička	phial
vitamín	vitamin
oprávněný	authorized
zahlédnout	catch sight
zvažovat	weigh
obcházet	circumvent
loňský	last year
právnický	legal
pokožka	skin
bankovnictví	banking
záviset	depend
zhodnotit	valorize
petice	petition
plast	Plastic
obývací	living
kosmický	cosmic
plastový	plastic
osa	axis
nacházet	finding
šokovat	shock
stoupající	rising
skládka	dump
souprava	kit
používaný	used
vzdálit	leave
výstupní	Output
číslice	digit
narovnat	straighten
přednášet	lecture
monarchie	monarchy
zéland	Zealand
holý	bare
nafta	oil
banální	banal
londýnský	London
invalidní	disabled
nakrájet	slice
pololetí	semester
pozdravovat	acclaim
dokumentace	documentation
nalezený	found
pamětní	memorial
slibovat	promise
magnetický	magnetic
odbočit	digress
mastný	greasy
švýcarský	Swiss
zbavovat	get rid of
svlékat	undressing
bezprostředně	immediately
vniknout	penetrate
přísada	additive
ghetto	ghetto
válec	cylinder
tuna	ton
atomový	atomic
pohraniční	border
vyhodnocení	evaluation
likvidace	liquidation
strukturální	structural
jednak	secondly,
sídliště	housing estate
výrazný	significant
poslanec	deputy
intervence	intervention
přistupovat	access
kapacita	capacity
vyučovat	teach
zbožný	pious
šéfredaktor	editor in chief
pokřtít	christen
katedrála	cathedral
kapalina	fluid
shromažďovat	Collect
nezaměstnanost	unemployment
přihrávka	pass
inflace	inflation
patřičně	accordingly
přiřadit	assign
sehrát	play
olympiáda	Olympiad
žánr	genre
hodinový	hourly
oslabit	weaken
sestava	Report
kočí	coachman
podnos	tray
měna	currency
navrhovat	suggest
supermarket	supermarket
úspěšnost	success
dávný	old
ztuhlý	stiff
prognóza	forecast
popularita	popularity
naklonit	tilt
příloha	annex
historik	historian
mravní	moral
loučit	say goodbye
odehrát	play
hromádka	pile
rozpor	rift
kuřák	smoker
zpravodaj	reporter
doplnění	completion
zavedení	introduction
odrážet	reflect
evangelium	gospel
spojovací	connecting
posila	reinforcement
obecný	general
průmyslový	industrial
výzdoba	decor
stáj	stable
zákonný	statutory
předposlední	penultimate
podobat	resembling
blahobyt	welfare
vstupenka	ticket
pečený	baked
vnucovat	obtrude
zpravidla	usually
umístěný	situated
kotva	anchor
dálka	distance
obdivuhodný	admirable
autorka	authoress
příď	nose
koncertní	concert
hladit	fondle
posléze	then
uložení	deposition
vtáhnout	pull in
předběžný	preliminary
interakce	interaction
sekunda	second
příznak	symptom
okurka	cucumber
přírůstek	growth
dvojnásobný	double
účinnost	effectiveness
sběr	collection
rozdílný	different
polský	Polish
bažina	swamp
ateliér	studio
amatérský	amateurish
hypotéka	mortgage
lžička	spoon
zakázka	commission
gram	gram
interpretace	interpretation
psaný	written
dobrovolný	voluntary
odběr	consumption
představitel	representative
povodeň	flood
citový	emotional
servisní	service
kabina	cabin
katolický	Catholic
burza	exchange
via	via
vyměňovat	exchange
výhodný	profitable
tiskárna	printer
pomluva	slander
spojující	linking
vcházet	to enter
etika	ethics
snižovat	lower
určovat	determine
fórum	Forum
odchylka	deviation
čtenář	reader
řízek	steak
ph	pH
vrtět	wiggle
jednota	unity
steh	stitch
vichřice	gale
vonět	smell
startovat	take off
výuka	tuition
infekční	infectious
krytý	indoor
pochlubit	features
kamenný	stone
komfort	comfort
soška	statuette
protahovat	protract
vyhledávat	search
administrativa	administration
nastavený	default
měřítko	scale
konfrontace	confrontation
kyselý	sour
krajní	extreme
operní	opera
klečet	kneel
korejský	Korean
vertikální	vertical
záhy	soon
česky	Czech
skleněný	glass
cikán	Gypsy
bramborový	potato
zemní	terrestrial
vstupovat	enter
olivový	olive
přijíždět	arrive
průsmyk	pass
pokladna	box office
ministerský	ministerial
oddechnout	breather
překvapovat	surprise
varianta	option
rotace	rotation
sklenka	glass
vyspělý	mature
hokejový	hockey
opora	support
zastoupit	substitute
úterní	Tuesday
obec	municipality
stařena	old woman
saddám	Saddam
přecházet	pass
pozůstatek	vestige
radostně	gleefully
demokrat	democrat
olympijský	Olympic
hrozit	threaten
objektivně	objectively
slibný	promising
šedivý	gray
plech	sheet
ustanovení	provision
materiální	material
zdeněk	Zdenek
přiměřeně	adequately
zájezd	tour
barel	drum
přítomný	present
transformace	Transformation
lesklý	bright
nepříliš	not too much
štětec	brush
přiložit	enclose
pokročilý	advanced
svah	rise
plynout	flow
izolovaný	isolated
vyběhnout	run out
průtok	flow
významně	significantly
upřeně	fixedly
příslušník	member
sklízet	harvest
nevýhoda	disadvantage
index	index
subjektivní	subjective
věkový	age
náruč	armful
spolehlivě	reliably
tiskový	press
ponožka	sock
šlechta	nobility
ubírat	subtract
zjev	appearance
sled	sequence
prezidentský	presidential
sazba	rate
stařenka	grandmother
strategický	strategic
samopal	tommy gun
štíhlý	slim
orientace	orientation
radikálně	radically
inovace	innovation
motorový	power
jídelníček	diet
evidence	records
ideologie	ideology
synek	synek
odolávat	resist
šířka	width
řízený	directed
varhany	organ
rampa	ramp
elektronika	electronics
doběhnout	bamboozle
zobrazit	display
regenerace	regeneration
orientální	Oriental
ropný	oil
sedlák	peasant
dovoz	import
kriminalita	criminality
konvence	convention
upevnit	consolidate
nepatrný	slight
kolovat	circulate
náprava	rectification
salto	somersault
zamíchat	stir
uplatnění	use
enzym	enzyme
viditelný	visible
sociálně	socially
onemocnět	sicken
vedený	led
ploutev	flipper
vlivný	influential
zakončit	conclude
smět	may
sebedůvěra	self-confidence
ojedinělý	unique
statistika	statistics
přístupný	accessible
kompenzace	compensation
egyptský	Egyptian
propagace	publicity
způsobený	due to
průhledný	clear
poskytnutí	provision
svěřovat	confide
plachta	sail
neklid	unrest
homosexualita	homosexuality
otisknout	print
lišit	differ
jednoduchost	simplicity
naléhat	urge
václav	Václav
opat	abbot
vzejít	come
prozatímní	interim
rozhlédnout	look around
čočka	lens
horník	miner
lukáš	Luke
libra	pound
vstupné	admission
mzda	wage
vídeň	Vienna
hořký	bitter
zásuvka	outlet
trans	trance
pozvolna	slowly
kontinentální	continental
rodičovský	parental
zeleň	green
jevit	appear
odliv	outflow
tvorba	creation
brankář	keeper
odstraňování	removal
spalování	combustion
ruch	rush
sssr	USSR
demonstrovat	demonstrate
mříž	grille
všeobecný	general
zastávat	stand
odsunout	evacuate
oddělený	separate
úvaha	reasoning
realizovat	implement
zřízení	establishment
aktivista	activist
proužek	strip
chodidlo	foot
pohlédnout	glance
nulový	zero
rozdělovat	dole out
dekret	decree
angažovat	engage
zabírat	occupy
skleník	greenhouse
hustota	density
živel	element
zátoka	cove
držitel	holder
sádlo	lard
asijský	Asian
obrácený	reverse
odbýt	put off
turecký	Turkish
trio	trio
sklonit	bow
diplomatický	diplomatic
reprodukce	reproduction
plemeno	breed
snižování	reduction
zdědit	inherit
civilizovaný	civilized
vřelý	warm
pojmout	hold
vybavený	equipped
zhroutit	collapse
klára	Clare
údajný	alleged
vzácně	rarely
rozběhnout	run
bronz	bronze
ubrus	cloth
plochý	flat
ustupovat	ebb
pojistné	premium
povinný	compulsory
podávání	administration
třídění	classification
nátěr	coating
zakládat	post
registr	register
široce	widely
prosazování	promotion
promítat	project
facto	facto
zabývající	dealing
dirigent	conductor
skupinový	group
příbytek	abode
podrobný	detailed
dívenka	girl
jedenáctý	eleventh
roztrhnout	rip
fólie	foil
uchýlit	resort
rezerva	reserve
vystrčit	push out
ozdoba	garnish
zahnout	turn
ikona	icon
chválit	praise
navržený	designed by
přijatelný	acceptable
trám	beam
torpédoborec	destroyer
region	region
ládin	Laden
architektura	architecture
rozhlas	radio
načež	whereupon
nápadně	noticeably
smíchat	mix
protějšek	counterpart
živnost	trade
vyrovnávat	leveling
arabský	Arabic
stadión	stadium
tlakový	Pressure
námaha	exertion
výpočet	calculation
parník	steamship
zamávat	wave
povídka	story
sankce	sanctions
představenstvo	Board of Directors
lepit	glue
vytratit	disappear
uvíznout	jam
holandský	Dutch
zpracovávat	handle
pohyblivý	moving
protiklad	antithesis
vyčíst	read
zpravodajský	News
aparát	apparatus
vynutit	enforce
chov	breeding
bádání	research
ironický	ironic
unikat	leak
vybavovat	Outfitting
vrcholek	summit
hierarchie	hierarchy
penzijní	Retirement
pilíř	pillar
upravovat	edited
kdekdo	Everybody
vyplácet	pay
stadium	stage
mírový	Peace
datový	data
nahlížet	inspect
australský	Australian
výživa	nutrition
zapadat	go down
sklidit	clear away
střídavě	alternately
horizontální	horizontal
podpůrný	Support
popisovat	describe
regulace	regulation
množit	proliferate
rozpaky	embarrassment
přebytek	surplus
jezírko	lagoon
odpůrce	respondent
herecký	theatrical
surový	raw
expanze	expansion
radostný	cheery
ohniště	fireplace
newyorský	New York
instalace	installation
vesnický	country
brzký	early
složený	composite
bloudit	wander
dočíst	finish
mlít	grind
slavík	nightingale
sestoupit	descend
zkomplikovat	complicate
vanilkový	vanilla
zapomenutý	forgotten
zalíbit	please
rozšiřování	expansion
vegetace	vegetation
korespondence	correspondence
zamítnout	reject
exil	exile
nakládání	loading
odstrčit	push
hygiena	hygiene
dánský	Danish
koridor	corridor
nositel	bearer
vyplňovat	fill
nacistický	Nazi
kalifornský	Californian
valit	roll
celosvětový	global
zrzavý	ginger
škodit	harm
kostička	Bone
dýmka	pipe
misie	Missions
střep	shard
zásobovat	supply
rallye	Rally
zareagovat	react
loďstvo	fleet
záliba	predilection
energický	energetic
lopata	shovel
podlehnout	succumb
dvanáctý	twelfth
zvyšování	increasing
bouřlivý	stormy
